Frame Offset; Frame Index; Frame Time (ms); Time from first frame (ms)
0;21842;46.0405;0
1;21843;49.75666;46.0405006408691
2;21844;45.6905;95.7971572875977
3;21845;46.03127;141.487655639648
4;21846;47.36912;187.518924713135
5;21847;47.04146;234.888042449951
6;21848;47.46131;281.929500579834
7;21849;46.32008;329.390808105469
8;21850;47.06919;375.710884094238
9;21851;48.98577;422.780075073242
10;21852;45.07631;471.765842437744
11;21853;47.46288;516.842151641846
12;21854;48.26554;564.305034637451
13;21855;47.05523;612.570571899414
14;21856;45.24662;659.625804901123
15;21857;46.73838;704.872421264648
16;21858;49.19381;751.610805511475
17;21859;45.20327;800.804615020752
18;21860;46.67392;846.007881164551
19;21861;47.64734;892.681804656982
20;21862;45.33285;940.329147338867
21;21863;48.04485;985.661994934082
22;21864;48.29881;1033.70684432983
23;21865;46.55377;1082.00565338135
24;21866;45.75077;1128.55942153931
25;21867;49.52431;1174.31018829346
26;21868;45.42054;1223.83449554443
27;21869;48.69208;1269.25503540039
28;21870;43.88715;1317.94711303711
29;21871;47.55231;1361.8342666626
30;21872;46.24085;1409.3865737915
31;21873;48.61061;1455.62742233276
32;21874;46.90992;1504.23803710938
33;21875;45.45908;1551.14796066284
34;21876;49.03831;1596.60703659058
35;21877;46.62366;1645.64534378052
36;21878;41.82365;1692.26900100708
37;21879;47.52069;1734.09265518188
38;21880;44.6385;1781.61334609985
39;21881;46.83896;1826.25184631348
40;21882;48.50512;1873.09080505371
41;21883;48.35319;1921.59592056274
42;21884;45.78669;1969.94911193848
43;21885;45.92831;2015.73580551147
44;21886;47.10938;2061.66411209106
45;21887;47.28277;2108.77349472046
46;21888;47.65404;2156.05626296997
47;21889;46.28223;2203.71030426025
48;21890;48.35873;2249.99253463745
49;21891;45.76081;2298.35126113892
50;21892;46.05596;2344.11206817627
51;21893;48.06819;2390.16802978516
52;21894;45.99442;2438.23622131348
53;21895;47.30581;2484.23064422607
54;21896;48.1035;2531.53645324707
55;21897;46.12915;2579.63995361328
56;21898;46.77754;2625.76910400391
57;21899;47.85712;2672.54664230347
58;21900;45.534;2720.40375900269
59;21901;44.65657;2765.93775939941
60;21902;49.65777;2810.59433364868
61;21903;46.08654;2860.25210189819
62;21904;46.21807;2906.33863830566
63;21905;47.02631;2952.55671310425
64;21906;47.06866;2999.58301925659
65;21907;456.3801;3046.65167617798
66;21908;408.047;3503.0318031311
67;21909;376.579;3911.07883071899
68;21910;352.1892;4287.65781021118
69;21911;19.57742;4639.84701919556
70;21912;66.15369;4659.42444229126
71;21913;58.72953;4725.57813644409
72;21914;46.56289;4784.30767059326
73;21915;48.7915;4830.87055587769
74;21916;46.59658;4879.66205596924
75;21917;46.32896;4926.25863265991
76;21918;345.2936;4972.58759307861
77;21919;285.1392;5317.88120269775
78;21920;245.1987;5603.02042388916
79;21921;28.74719;5848.21915435791
80;21922;62.99996;5876.96634674072
81;21923;220.4818;5939.96630477905
82;21924;31.59504;6160.44814682007
83;21925;59.61873;6192.04318618774
84;21926;203.1767;6251.66191482544
85;21927;20.32369;6454.83856582642
86;21928;62.00892;6475.16225814819
87;21929;57.70369;6537.1711807251
88;21930;175.2674;6594.87487411499
89;21931;21.11592;6770.1422996521
90;21932;60.87115;6791.2582244873
91;21933;59.40431;6852.12937545776
92;21934;156.5146;6911.53368377686
93;21935;128.6755;7068.04830169678
94;21936;116.4164;7196.72380828857
95;21937;27.83938;7313.14019012451
96;21938;49.6605;7340.97957420349
97;21939;47.58688;7390.64007377625
98;21940;46.11223;7438.22695732117
99;21941;45.67134;7484.33918952942
100;21942;92.31396;7530.0105342865
101;21943;18.57708;7622.32449150085
102;21944;47.94923;7640.90156745911
103;21945;47.90319;7688.8507976532
104;21946;46.21862;7736.75398826599
105;21947;46.6305;7782.97260475159
106;21948;45.61604;7829.60310554504
107;21949;47.18215;7875.21914482117
108;21950;45.60669;7922.4012966156
109;21951;94.97639;7968.00798988342
110;21952;67.25558;8062.98437690735
111;21953;27.56177;8130.23995399475
112;21954;63.09973;8157.80172157288
113;21955;23.66046;8220.90145301819
114;21956;45.58431;8244.56191444397
115;21957;47.07977;8290.14622306824
116;21958;45.83096;8337.22599220276
117;21959;46.76358;8383.05695152283
118;21960;82.63054;8429.8205280304
119;21961;27.63215;8512.45106697083
120;21962;52.46558;8540.08322143555
121;21963;30.62938;8592.54879760742
122;21964;34.46104;8623.17818069458
123;21965;0;8657.63922119141
124;21966;22.43104;8657.63922119141
125;21967;47.95881;8680.07026100159
126;21968;48.36931;8728.02906990051
127;21969;46.7445;8776.39837837219
128;21970;45.75988;8823.14287757874
129;21971;48.2435;8868.90276145935
130;21972;45.4775;8917.14626121521
131;21973;47.26496;8962.62376213074
132;21974;49.66346;9009.88872337341
133;21975;45.79115;9059.55218696594
134;21976;48.35315;9105.34333992004
135;21977;45.13292;9153.6964931488
136;21978;47.91711;9198.82941627502
137;21979;45.48015;9246.74653053284
138;21980;47.40512;9292.22668266296
139;21981;47.78793;9339.63179969788
140;21982;47.99419;9387.41972541809
141;21983;46.18438;9435.41391563416
142;21984;45.59465;9481.59829902649
143;21985;47.76358;9527.19295310974
144;21986;47.98993;9574.95652961731
145;21987;46.79404;9622.94645500183
146;21988;47.83377;9669.74049568176
147;21989;45.03127;9717.57426261902
148;21990;48.76615;9762.6055316925
149;21991;48.19562;9811.37168312073
150;21992;44.09923;9859.56730079651
151;21993;48.97081;9903.66653251648
152;21994;46.88358;9952.63733863831
153;21995;50.54469;9999.52091407776
154;21996;42.78908;10050.0656070709
155;21997;46.60461;10092.8546848297
156;21998;47.66427;10139.4592990875
157;21999;47.0495;10187.1235675812
158;22000;48.07708;10234.1730670929
159;22001;46.56396;10282.2501430511
160;22002;48.48812;10328.8141040802
161;22003;45.67704;10377.3022212982
162;22004;47.69234;10422.9792613983
163;22005;48.33077;10470.6716060638
164;22006;43.45515;10519.002374649
165;22007;50.30888;10562.4575252533
166;22008;45.79069;10612.7664089203
167;22009;45.88258;10658.557100296
168;22010;46.40631;10704.4396762848
169;22011;47.94419;10750.8459835052
170;22012;48.82307;10798.7901744843
171;22013;44.47427;10847.6132488251
172;22014;48.22623;10892.0875148773
173;22015;49.17035;10940.3137454987
174;22016;42.00954;10989.4840908051
175;22017;57.16977;11031.4936275482
176;22018;46.37277;11088.6633968353
177;22019;51.50931;11135.0361652374
178;22020;55.17088;11186.5454730988
179;22021;40.38885;11241.7163562775
180;22022;49.29038;11282.1052036285
181;22023;49.67746;11331.3955860138
182;22024;46.90081;11381.0730457306
183;22025;54.23946;11427.9738521576
184;22026;50.31211;11482.213312149
185;22027;46.26669;11532.5254268646
186;22028;48.98712;11578.7921199799
187;22029;49.52015;11627.7792377472
188;22030;52.25708;11677.2993907928
189;22031;48.24785;11729.5564670563
190;22032;48.448;11777.804315567
191;22033;48.69581;11826.2523136139
192;22034;47.09573;11874.9481220245
193;22035;47.561;11922.0438556671
194;22036;46.50634;11969.6048564911
195;22037;47.16134;12016.1112003326
196;22038;49.30334;12063.2725429535
197;22039;44.49623;12112.5758876801
198;22040;47.23512;12157.0721187592
199;22041;47.51793;12204.3072338104
200;22042;47.28685;12251.8251590729
201;22043;48.8815;12299.1120052338
202;22044;43.85919;12347.9935054779
203;22045;47.48581;12391.8526973724
204;22046;48.82692;12439.3385066986
205;22047;48.29546;12488.165430069
206;22048;46.19631;12536.4608898163
207;22049;47.62992;12582.6571979523
208;22050;46.88746;12630.2871227264
209;22051;47.08615;12677.1745815277
210;22052;47.05004;12724.2607326508
211;22053;46.37966;12771.3107738495
212;22054;46.92634;12817.6904315948
213;22055;47.84288;12864.6167736053
214;22056;46.61142;12912.4596576691
215;22057;46.55423;12959.0710811615
216;22058;48.76688;13005.6253147125
217;22059;44.66666;13054.3921985626
218;22060;49.69685;13099.0588550568
219;22061;45.47961;13148.7557010651
220;22062;46.18061;13194.2353153229
221;22063;48.24531;13240.4159297943
222;22064;50.03435;13288.6612377167
223;22065;43.73927;13338.6955852509
224;22066;48.38281;13382.4348545074
225;22067;46.003;13430.8176631927
226;22068;46.85366;13476.8206615448
227;22069;48.79973;13523.6743183136
228;22070;47.95365;13572.4740505219
229;22071;41.92842;13620.4277019501
230;22072;48.68688;13662.3561267853
231;22073;52.53915;13711.0430088043
232;22074;41.51988;13763.5821590424
233;22075;50.10523;13805.1020412445
234;22076;47.77912;13855.2072734833
235;22077;44.43715;13902.9863910675
236;22078;47.62734;13947.4235439301
237;22079;47.55812;13995.0508861542
238;22080;44.95965;14042.609003067
239;22081;52.20908;14087.568655014
240;22082;44.38046;14139.7777309418
241;22083;45.85954;14184.1581935883
242;22084;47.05696;14230.0177288055
243;22085;48.31704;14277.0746898651
244;22086;45.71804;14325.3917293549
245;22087;50.94634;14371.1097698212
246;22088;45.51469;14422.0561122894
247;22089;46.43;14467.5708026886
248;22090;48.52915;14514.0008029938
249;22091;46.82338;14562.5299549103
250;22092;49.08369;14609.3533382416
251;22093;44.31108;14658.4370288849
252;22094;49.1085;14702.7481060028
253;22095;46.16696;14751.8566074371
254;22096;47.86357;14798.0235691071
255;22097;44.76107;14845.8871440887
256;22098;47.20758;14890.6482181549
257;22099;47.33361;14937.8557949066
258;22100;46.35523;14985.189409256
259;22101;46.87769;15031.5446414948
260;22102;46.83181;15078.422334671
261;22103;46.60888;15125.2541408539
262;22104;47.20481;15171.8630237579
263;22105;47.23392;15219.0678310394
264;22106;46.26119;15266.3017559052
265;22107;46.64204;15312.5629482269
266;22108;48.23546;15359.2049884796
267;22109;45.81396;15407.4404468536
268;22110;48.16185;15453.2544078827
269;22111;45.96881;15501.4162540436
270;22112;48.28492;15547.385061264
271;22113;44.5725;15595.6699848175
272;22114;48.42415;15640.242483139
273;22115;45.92077;15688.6666355133
274;22116;47.23812;15734.5874042511
275;22117;47.54642;15781.8255214691
276;22118;45.59215;15829.3719463348
277;22119;48.43104;15874.9640979767
278;22120;45.86427;15923.3951396942
279;22121;47.94477;15969.2594089508
280;22122;45.72027;16017.2041759491
281;22123;47.9645;16062.9244441986
282;22124;47.4635;16110.8889446259
283;22125;46.08315;16158.3524456024
284;22126;45.55334;16204.4355983734
285;22127;49.36046;16249.9889431
286;22128;44.74754;16299.3494052887
287;22129;47.37196;16344.096944809
288;22130;47.1395;16391.4689044952
289;22131;44.36853;16438.6084041595
290;22132;47.31196;16482.9769382477
291;22133;48.27365;16530.2888965607
292;22134;46.91504;16578.5625514984
293;22135;46.40138;16625.4775905609
294;22136;43.70462;16671.8789730072
295;22137;36.08673;16715.5835895538
296;22138;34.31627;16751.6703205109
297;22139;30.13212;16785.9865894318
298;22140;37.07465;16816.1187057495
