Name; Median Time; Min Time; Max Time; Median Frame Index; Min Frame Index; Max Frame Index; Min Depth; Max Depth; Total Time; Mean Time; Time Lower Quartile; Time Upper Quartile; Count Total; Count Median; Count Min; Count Max; Number of frames containing Marker; First Frame Index; Time Min Individual; Time Max Individual; Min Individual Frame; Max Individual Frame; Time at Median Frame
"PlayerLoop";36.62392;28.46646;44.99427;80281;80102;80353;1;1;10997.8396282196;36.78207;35.88012;37.41185;299;1;1;1;299;80058;28.46646;44.99427;80102;80353;36.62408
"EndGraphicsJobs";27.21669;20.37258;34.29704;80187;80143;80212;3;3;8100.50038630104;27.09197;26.48754;27.71204;1196;4;4;4;299;80058;0.000192;34.29504;80110;80212;27.5575
"PreLateUpdate.EndGraphicsJobsAfterScriptUpdate";27.21542;20.37162;34.29623;80187;80143;80212;2;2;8100.0845413208;27.09058;26.48677;27.71054;299;1;1;1;299;80058;20.37162;34.29623;80143;80212;27.55623
"Gfx.EndAsyncJobFrame";27.21065;20.36742;34.29081;80187;80143;80212;4;4;8098.68899917603;27.08592;26.48181;27.70573;299;1;1;1;299;80058;20.36742;34.29081;80143;80212;27.5515
"Gfx.WaitForRenderThread";27.19204;20.36131;34.28369;80238;80143;80212;5;5;8092.26314163208;27.06442;26.46819;27.69738;299;1;1;1;299;80058;20.36131;34.28369;80143;80212;27.54431
"Semaphore.WaitForSignal";27.19004;20.35966;34.28115;80238;80143;80212;4;6;8090.53199930771;27.05864;26.42323;27.69512;598;2;2;2;299;80058;0.000307;34.28057;80124;80212;27.54131
"PostLateUpdate.FinishFrameRendering";7.020577;5.319769;13.62973;80185;80189;80142;2;2;2174.95783901215;7.274107;6.65023;7.610923;299;1;1;1;299;80058;5.319769;13.62973;80189;80142;6.828384
"UnityEngine.CoreModule.dll!UnityEngine.Rendering::RenderPipelineManager.DoRenderLoop_Internal() [Invoke]";6.599077;4.900077;13.25873;80194;80189;80142;3;3;2049.71625852585;6.855238;6.259846;7.136885;299;1;1;1;299;80058;4.900077;13.25873;80189;80142;6.476692
"Inl_UniversalRenderTotal";6.521462;4.843577;13.19596;80157;80189;80142;4;4;2027.57903575897;6.781201;6.184461;7.051462;299;1;1;1;299;80058;4.843577;13.19596;80189;80142;6.407346
"Inl_RenderCameraStack";6.437808;4.76523;13.12342;80157;80189;80142;5;5;1999.91179084778;6.688668;6.092423;6.961385;299;1;1;1;299;80058;4.76523;13.12342;80189;80142;6.310308
"Inl_UniversalRenderPipeline.RenderSingleCameraInternal: Main Camera";4.401769;3.297692;11.40162;80285;80189;80142;6;6;1356.56780958176;4.537016;4.2185;4.655846;299;1;1;1;299;80058;3.297692;11.40162;80189;80142;4.340462
"Inl_ScriptableRenderContext.Submit";1.482462;1.075077;5.942539;80173;80102;80198;6;6;514.259459257126;1.719931;1.330038;1.857116;299;1;1;1;299;80058;1.075077;5.942539;80102;80198;1.538885
"CullScriptable";1.376731;0.834808;4.538193;80177;80191;80133;7;7;431.023226380348;1.441549;1.243;1.567346;299;1;1;1;299;80058;0.834808;4.538193;80191;80133;1.386731
"Inl_RecordRenderGraph";1.312615;0.850116;2.504962;80313;80191;80320;7;7;406.343127191067;1.359007;1.198269;1.462961;299;1;1;1;299;80058;0.850116;2.504962;80191;80320;1.335423
"Inl_On Record Render Graph";1.273538;0.822462;2.472808;80230;80191;80320;8;8;395.390579283237;1.322376;1.164231;1.430346;299;1;1;1;299;80058;0.822462;2.472808;80191;80320;1.299731
"WaitForJobGroupID";1.208846;0.497038;8.29877;80299;80197;80142;9;12;416.641072892817;1.393448;0.979115;1.641885;1431;5;1;8;299;80058;0.000693;7.311923;80167;80142;1.251232
"UniversalRenderPipeline.RenderSingleCameraInternal: Main Camera";1.182385;0.734346;5.681846;80324;80289;80198;7;7;422.597043335438;1.413368;1.045923;1.542885;299;1;1;1;299;80058;0.734346;5.681846;80289;80198;1.261577
"ExecuteRenderGraph";1.106769;0.616115;5.604885;80158;80289;80198;8;8;398.884504258633;1.334062;0.973116;1.462347;299;1;1;1;299;80058;0.616115;5.604885;80289;80198;1.184116
"Inl_ExecuteRenderGraph";1.100039;0.793154;8.393846;80091;80189;80142;7;7;348.224732995033;1.164631;1.030423;1.178154;299;1;1;1;299;80058;0.793154;8.393846;80189;80142;1.088462
"PostLateUpdate.ProfilerEndFrame";0.794424;0.609269;3.598384;80128;80356;80210;2;2;252.130654811859;0.8432463;0.764885;0.848116;299;1;1;1;299;80058;0.609269;3.598384;80356;80210;0.804615
"Profiler.FlushCounters";0.7895;0.605538;3.594269;80243;80356;80210;3;3;250.605105340481;0.8381442;0.760308;0.842347;299;1;1;1;299;80058;0.605538;3.594269;80356;80210;0.799538
"Profiler.FlushMemoryCounters";0.716808;0.547;3.527962;80125;80356;80210;4;4;227.917822659016;0.762267;0.688347;0.769462;299;1;1;1;299;80058;0.547;3.527962;80356;80210;0.728231
"CullResults.CreateSharedRendererScene";0.628769;0.388577;1.873846;80154;80191;80269;8;8;207.230271726847;0.6930778;0.516808;0.79577;299;1;1;1;299;80058;0.388577;1.873846;80191;80269;0.560461
"RenderLoop.Prepare";0.594768;0.462;0.806692;80261;80108;80107;13;14;3.90530602633953;0.6508843;0.534114;0.729078;12;2;2;2;6;80107;0.229615;0.405923;80108;80107;0
"EndRenderQueueExtraction";0.57;0.347039;1.810807;80230;80191;80269;9;9;190.195569187403;0.6361056;0.464231;0.741385;299;1;1;1;299;80058;0.347039;1.810807;80191;80269;0.510846
"RenderLoop.ScheduleDraw";0.488231;0.089424;5.002192;80264;80197;80198;10;11;205.521415593917;0.6873626;0.364807;0.808694;1874;6;6;8;299;80058;0.001;4.894231;80102;80198;0.536384
"SceneCulling";0.47023;0.321346;2.622193;80122;80148;80133;8;8;157.237495660782;0.5258779;0.396193;0.5845;299;1;1;1;299;80058;0.321346;2.622193;80148;80133;0.642308
"EngineJob";0.420269;0.010539;2.089423;80228;80176;80133;10;12;130.146272601763;0.4382029;0.3925;0.460192;786;3;1;5;297;80058;0.000462;2.088615;80282;80133;0.532461
"ExecuteRenderQueueJob";0.3795;0.300077;1.307846;80172;80212;80180;12;12;111.941313385963;0.4041203;0.369653;0.407961;280;1;1;2;277;80058;0.300077;1.307846;80212;80180;0.462731
"DrawOpaqueObjects";0.354923;0.038654;4.908576;80067;80197;80198;9;9;155.153531700373;0.5189081;0.289962;0.5725;299;1;1;1;299;80058;0.038654;4.908576;80197;80198;0.285846
"Idle";0.326576;0.005039;6.763808;80203;80146;80142;11;13;53.4554258948192;0.5568274;0.182;0.689077;108;1;1;2;96;80061;0.005039;6.763808;80146;80142;0
"Inl_Setup Forward Lights";0.275384;0.203807;7.631269;80257;80189;80142;8;8;95.0965688079596;0.3180487;0.260615;0.300308;299;1;1;1;299;80058;0.203807;7.631269;80189;80142;0.272885
"Inl_Setup Light Constants";0.269346;0.199308;7.623423;80098;80189;80142;9;9;92.9709267616272;0.3109396;0.254884;0.293539;299;1;1;1;299;80058;0.199308;7.623423;80189;80142;0.266192
"Inl_Forward+ Setup";0.238039;0.154846;0.659346;80060;80191;80101;9;9;77.0721447169781;0.2577664;0.220961;0.264;299;1;1;1;299;80058;0.154846;0.659346;80191;80101;0.249615
"RenderLoop.Sort";0.231808;0.218346;0.298347;80238;80108;80145;13;13;1.20542399585247;0.2410848;0.221462;0.235461;5;1;1;1;5;80108;0.218346;0.298347;80108;80145;0
"CullSendEvents";0.176231;0.027039;2.182731;80073;80086;80133;9;9;59.9536187704653;0.2005138;0.134923;0.209462;299;1;1;1;299;80058;0.027039;2.182731;80086;80133;0.197923
"PostLateUpdate.PlayerUpdateCanvases";0.165461;0.120346;0.513885;80248;80310;80209;2;2;52.4775389656425;0.1755102;0.1555;0.171347;299;1;1;1;299;80058;0.120346;0.513885;80310;80209;0.172577
"DrawScreenSpaceUI";0.164616;0.121654;3.103384;80227;80102;80101;9;9;57.5438088998199;0.1924542;0.158;0.175847;598;2;2;2;299;80058;0.034038;3.027615;80102;80101;0.179961
"Update.ScriptRunBehaviourUpdate";0.156462;0.117577;0.408193;80254;80103;80340;2;2;49.7876028418541;0.1665137;0.151423;0.163077;299;1;1;1;299;80058;0.117577;0.408193;80103;80340;0.149038
"BehaviourUpdate";0.154923;0.116615;0.406193;80247;80103;80340;3;3;49.3134539201856;0.1649279;0.149847;0.161423;299;1;1;1;299;80058;0.116615;0.406193;80103;80340;0.147116
"UIEvents.WillRenderCanvases";0.141423;0.102577;0.490423;80256;80310;80209;3;3;45.2708768025041;0.1514076;0.133346;0.147077;299;1;1;1;299;80058;0.102577;0.490423;80310;80209;0.148884
"UGUI.Rendering.UpdateBatches";0.140423;0.101769;0.488423;80228;80310;80209;4;4;44.8942698985338;0.1501481;0.132346;0.146115;299;1;1;1;299;80058;0.101769;0.488423;80310;80209;0.147769
"Inl_Blit Color LUT";0.138884;0.1025;1.027692;80259;80310;80353;8;8;44.5524648800492;0.1490049;0.135;0.150269;299;1;1;1;299;80058;0.1025;1.027692;80310;80353;0.141692
"Inl_ColorGradingLUT";0.128962;0.095577;0.983577;80093;80310;80353;9;9;41.2173478454351;0.1378507;0.125308;0.138577;299;1;1;1;299;80058;0.095577;0.983577;80310;80353;0.131077
"PrepareSceneNodes";0.116269;0.019077;0.886808;80236;80217;80190;9;9;39.9029319509864;0.1334546;0.109231;0.137346;299;1;1;1;299;80058;0.019077;0.886808;80217;80190;0.124462
"UIEvents.CanvasManagerRenderOverlays";0.109884;0.082193;0.648884;80281;80102;80101;10;10;35.5949409380555;0.1190466;0.105269;0.114961;299;1;1;1;299;80058;0.082193;0.648884;80102;80101;0.119539
"UI.RenderOverlays";0.108846;0.0815;0.647038;80204;80102;80101;11;11;35.1048449352384;0.1174075;0.104269;0.1135;299;1;1;1;299;80058;0.0815;0.647038;80102;80101;0.1185
"LineRenderer.ScheduleGeometryJobs";0.108654;0.040461;0.348192;80221;80154;80320;8;8;34.8898019641638;0.1166883;0.088193;0.130385;299;1;1;1;299;80058;0.040461;0.348192;80154;80320;0.09077
"Inl_NRPRGComp_ExecuteBeginRenderpassCommand";0.108423;0.07923;0.5896919;80225;80310;80353;8;8;35.0679308618419;0.1172841;0.102385;0.119002;1794;6;6;6;299;80058;0.005577;0.221653;80189;80353;0.116385
"UnityEngine.UIModule.dll!UnityEngine::Canvas.SendWillRenderCanvases() [Invoke]";0.100308;0.072962;0.435307;80267;80310;80209;5;5;31.8803039714694;0.1066231;0.093846;0.103923;299;1;1;1;299;80058;0.072962;0.435307;80310;80209;0.107423
"Canvas.RenderOverlays";0.099538;0.074654;0.325462;80204;80102;80257;12;12;31.256718955934;0.1045375;0.095461;0.103539;299;1;1;1;299;80058;0.074654;0.325462;80102;80257;0.109154
"Material.SetPassFast";0.087809;0.054578;0.226846;80287;80102;80271;4;13;27.033928883262;0.09041448;0.081655;0.092268;897;3;3;3;299;80058;0.010962;0.170115;80102;80271;0.081154
"Inl_UniversalRenderPipeline.CreateCameraData";0.083769;0.061769;0.200154;80075;80189;80133;6;6;26.1796549111605;0.08755738;0.078077;0.093692;299;1;1;1;299;80058;0.061769;0.200154;80189;80133;0.082576
"Inl_Forward+ Upload";0.081769;0.058807;0.279731;80133;80191;80121;10;10;26.1723118722439;0.08753282;0.077885;0.085923;299;1;1;1;299;80058;0.058807;0.279731;80191;80121;0.087462
"WatermarkRender";0.076038;0.038384;0.224615;80326;80102;80271;3;3;23.3021499328315;0.07793361;0.06823;0.080962;299;1;1;1;299;80058;0.038384;0.224615;80102;80271;0.066692
"ScheduleGeometryJobs";0.0755;0.008577;0.316077;80173;80232;80320;9;9;23.9991538831964;0.08026473;0.055731;0.096846;299;1;1;1;299;80058;0.008577;0.316077;80232;80320;0.0565
"Setup Camera Properties";0.070577;0.056501;0.509731;80280;80310;80175;9;9;22.7705759545788;0.07615577;0.068846;0.073268;598;2;2;2;299;80058;0.010193;0.325154;80352;80321;0.072961
"Inl_Setup Camera Properties";0.070423;0.051423;0.215001;80269;80189;80353;8;8;22.0210789050907;0.07364909;0.068154;0.075;598;2;2;2;299;80058;0.010615;0.193577;80310;80353;0.068154
"Inl_ComputeHashRenderGraph";0.069308;0.049077;0.178193;80099;80189;80132;7;7;21.8719599284232;0.07315037;0.065231;0.074923;299;1;1;1;299;80058;0.049077;0.178193;80189;80132;0.069423
"TimeUpdate.WaitForLastPresentationAndUpdateTime";0.065769;0.048653;0.316307;80160;80310;80217;2;2;21.2513570003211;0.07107477;0.063692;0.069539;299;1;1;1;299;80058;0.048653;0.316307;80310;80217;0.070385
"Inl_UniversalRenderPipeline.CreateRenderingData";0.064961;0.053;0.202846;80288;80189;80300;7;7;20.4838449731469;0.06850784;0.062231;0.06927;299;1;1;1;299;80058;0.053;0.202846;80189;80300;0.066962
"Inl_UpdateVolumeFramework";0.063961;0.049423;0.184038;80276;80310;80345;6;6;20.7584659345448;0.06942631;0.059269;0.070654;299;1;1;1;299;80058;0.049423;0.184038;80310;80345;0.057769
"RG_UberPost";0.061923;0.032923;0.171769;80196;80102;80271;9;9;19.6074669733644;0.06557681;0.054577;0.068462;299;1;1;1;299;80058;0.032923;0.171769;80102;80271;0.063731
"Inl_UniversalRenderPipeline.InitializeAdditionalCameraData";0.061731;0.037808;0.348731;80070;80189;80086;6;6;19.6230339445174;0.06562888;0.054769;0.069577;299;1;1;1;299;80058;0.037808;0.348731;80189;80086;0.074577
"UnityEngine.UI.dll!UnityEngine.EventSystems::EventSystem.Update() [Invoke]";0.061384;0.043808;0.291462;80179;80103;80340;4;4;19.2160749211907;0.06426781;0.059269;0.063577;299;1;1;1;299;80058;0.043808;0.291462;80103;80340;0.059423
"Blit Color LUT";0.059461;0.046731;1.222731;80177;80310;80196;9;9;20.4784209467471;0.0684897;0.058308;0.061538;299;1;1;1;299;80058;0.046731;1.222731;80310;80196;0.059192
"ColorGradingLUT";0.057385;0.04523;1.219692;80194;80310;80196;10;10;19.3845649249852;0.06483132;0.056192;0.059039;299;1;1;1;299;80058;0.04523;1.219692;80310;80196;0.056692
"PostLateUpdate.UpdateAudio";0.054808;0.034885;0.203269;80157;80257;80083;2;2;18.1664649359882;0.06075741;0.052576;0.058615;299;1;1;1;299;80058;0.034885;0.203269;80257;80083;0.052
"Inl_Initialize Frame";0.054308;0.03927;0.16227;80255;80189;80288;8;8;17.2319329343736;0.05763188;0.051577;0.058192;299;1;1;1;299;80058;0.03927;0.16227;80189;80288;0.051654
"VolumeManager.Update";0.053192;0.041769;0.169962;80267;80310;80345;7;7;17.3398459218442;0.0579928;0.0495;0.057923;299;1;1;1;299;80058;0.041769;0.169962;80310;80345;0.048653
"PostLateUpdate.UpdateCustomRenderTextures";0.053116;0.014731;0.449961;80259;80210;80320;2;2;18.8955109259114;0.06319569;0.049885;0.062577;299;1;1;1;299;80058;0.014731;0.449961;80210;80320;0.049193
"Inl_ScriptableRenderer.SetPerCameraShaderVariables";0.052038;0.038423;0.167038;80205;80310;80350;9;9;16.2428049873561;0.05432376;0.05073;0.054423;598;2;2;2;299;80058;0.007731;0.143384;80310;80350;0.051308
"WaitForLastPresent";0.051692;0.038154;0.301653;80131;80310;80217;3;3;16.9009939841926;0.05652506;0.049385;0.054538;299;1;1;1;299;80058;0.038154;0.301653;80310;80217;0.054692
"Inl_NRPRGComp_ExecuteCreateResources";0.050579;0.03769;0.181962;80278;80310;80353;8;8;15.8211959595938;0.0529137;0.048231;0.054193;5083;17;17;17;299;80058;0.000115;0.108539;80191;80122;0.05327
"AudioManager.Update";0.050116;0.03073;0.151654;80122;80257;80083;3;3;16.5727349501103;0.05542721;0.048077;0.053462;299;1;1;1;299;80058;0.03073;0.151654;80257;80083;0.047654
"CustomRenderTextures.Update";0.049385;0.011192;0.300077;80298;80210;80320;3;3;17.4400769453496;0.05832802;0.046077;0.057;299;1;1;1;299;80058;0.011192;0.300077;80210;80320;0.045115
"WaitForTargetFPS";0.048808;0.035615;0.297731;80087;80310;80217;4;4;16.0462709628046;0.05366646;0.0465;0.051692;299;1;1;1;299;80058;0.035615;0.297731;80310;80217;0.0515
"PostLateUpdate.PlayerSendFrameStarted";0.047385;0.035385;0.208577;80343;80210;80209;2;2;14.747577983886;0.049323;0.045539;0.049115;299;1;1;1;299;80058;0.035385;0.208577;80210;80209;0.049423
"CullAllVisibleLights";0.044769;0.028654;0.310038;80246;80310;80214;9;9;16.3113309275359;0.05455295;0.038769;0.063846;299;1;1;1;299;80058;0.028654;0.310038;80310;80214;0.072115
"Inl_UniversalRenderPipeline.InitializeStackedCameraData";0.044346;0.031923;0.110462;80198;80145;80126;7;7;13.9047749452293;0.04650426;0.040923;0.049192;299;1;1;1;299;80058;0.031923;0.110462;80145;80126;0.045923
"Inl_NRPRGComp_ExecuteDestroyResources";0.044195;0.032157;0.207424;80159;80189;80353;8;8;14.1565809267995;0.04734642;0.041155;0.047348;5083;17;17;17;299;80058;0.000115;0.118769;80133;80353;0.04781
"Inl_CompileRenderGraph";0.042154;0.032769;0.226038;80204;80354;80213;7;7;13.6775379814208;0.04574427;0.040731;0.044346;299;1;1;1;299;80058;0.032769;0.226038;80354;80213;0.041846
"Profiler.CollectLegacyStats";0.041538;0.033115;0.32227;80319;80353;80329;4;4;13.8859679475427;0.04644137;0.039962;0.043269;299;1;1;1;299;80058;0.033115;0.32227;80353;80329;0.041615
"CullSceneDynamicObjects";0.040115;0.035769;0.104461;80217;80294;80156;11;11;0.679036997258663;0.04526913;0.036538;0.040307;16;1;1;2;15;80063;0.035038;0.104461;80163;80156;0
"Inl_RG_UberPost";0.039924;0.029461;1.131884;80093;80354;80353;8;8;14.2354979738593;0.04761036;0.035923;0.046808;299;1;1;1;299;80058;0.029461;1.131884;80354;80353;0.0485
"Unity.RenderPipelines.Core.Runtime.dll!UnityEngine.Rendering::DebugUpdater.Update() [Invoke]";0.039193;0.029346;0.209884;80077;80103;80203;4;4;12.5514359865338;0.04197805;0.037423;0.041;299;1;1;1;299;80058;0.029346;0.209884;80103;80203;0.038
"Inl_ScriptableRenderer.ClearRenderingState";0.038692;0.027346;0.143885;80122;80189;80288;9;9;12.507541982457;0.04183124;0.036346;0.041731;299;1;1;1;299;80058;0.027346;0.143885;80189;80288;0.036269
"PrepareSceneCullingParameters";0.038616;0.027654;0.444038;80281;80191;80320;8;8;12.7015879545361;0.04248023;0.035924;0.042731;299;1;1;1;299;80058;0.027654;0.444038;80191;80320;0.037038
"Setup Forward Lights";0.037153;0.028808;0.575;80194;80102;80207;9;9;12.6288739722222;0.04223704;0.035731;0.039;299;1;1;1;299;80058;0.028808;0.575;80102;80207;0.037039
"Inl_DrawOpaqueObjects";0.033462;0.021116;0.226577;80079;80189;80283;8;8;10.4339369479567;0.03489611;0.030923;0.036192;299;1;1;1;299;80058;0.021116;0.226577;80189;80283;0.032807
"EarlyUpdate.PhysicsResetInterpolatedTransformPosition";0.032808;0.023192;3.125847;80314;80103;80186;2;2;13.5755310524255;0.04540312;0.031577;0.034;299;1;1;1;299;80058;0.023192;3.125847;80103;80186;0.034808
"Audio.FMODSystemUpdate";0.032269;0.015462;0.132769;80333;80257;80083;4;4;10.7296589631587;0.03588515;0.030808;0.034269;299;1;1;1;299;80058;0.015462;0.132769;80257;80083;0.029538
"Inl_RG_FinalBlit";0.030346;0.023692;0.289115;80268;80310;80226;8;8;9.92277194000781;0.03318653;0.029346;0.031539;299;1;1;1;299;80058;0.023692;0.289115;80310;80226;0.031
"CompileRenderGraph";0.030154;0.001577;0.11377;80159;80294;80330;8;8;9.52349695458543;0.03185116;0.028846;0.031923;299;1;1;1;299;80058;0.001577;0.11377;80294;80330;0.034193
"UIEvents.IMGUIRenderOverlays";0.028923;0.021808;1.94873;80286;80310;80356;10;10;11.6942979376763;0.03911136;0.027731;0.0305;299;1;1;1;299;80058;0.021808;1.94873;80310;80356;0.031385
"InputProcess";0.027039;0.018268;0.102347;80262;80102;80303;2;2;8.48062998009846;0.02836331;0.025885;0.02873;598;2;2;2;299;80058;0.004385;0.096308;80356;80303;0.032385
"Inl_UniversalRenderPipeline.SetupPerCameraShaderConstants";0.026731;0.020077;0.09723;80174;80135;80341;7;7;8.54006896167994;0.0285621;0.024808;0.029731;299;1;1;1;299;80058;0.020077;0.09723;80135;80341;0.025577
"DrawTransparentObjects";0.026538;0.0165;2.0605;80255;80102;80297;9;9;35.433110775426;0.1185054;0.022615;0.082462;299;1;1;1;299;80058;0.0165;2.0605;80102;80297;0.211038
"PlayerConnection.Poll";0.026384;0.018615;0.952115;80341;80213;80082;3;4;14.2702279835939;0.04772652;0.025;0.027769;598;2;2;2;299;80058;0.009038;0.476654;80213;80082;0.025538
"UpdateReflectionProbeAtlas";0.026269;0.020616;0.233115;80346;80102;80207;10;10;8.69852899573743;0.02909207;0.025192;0.027577;299;1;1;1;299;80058;0.020616;0.233115;80102;80207;0.026769
"Profiler.CollectPhysicsStats";0.026231;0.018616;0.270153;80209;80103;80192;3;3;8.39538195729256;0.0280782;0.025269;0.027269;299;1;1;1;299;80058;0.018616;0.270153;80103;80192;0.028231
"BeginRenderQueueExtraction";0.025923;0.020385;0.538807;80277;80145;80101;9;9;8.79760595411062;0.02942343;0.024;0.028577;299;1;1;1;299;80058;0.020385;0.538807;80145;80101;0.024
"FrameEvents.NewInputBeforeRenderUpdate";0.025385;0.017308;0.179;80278;80210;80209;3;3;7.95640798658133;0.02661006;0.024308;0.026346;299;1;1;1;299;80058;0.017308;0.179;80210;80209;0.027193
"GUI.Repaint";0.025153;0.01923;1.943538;80269;80310;80356;11;11;10.1964219436049;0.03410175;0.024154;0.0265;299;1;1;1;299;80058;0.01923;1.943538;80310;80356;0.027692
"Inl_UniversalRenderPipeline.SetupPerFrameShaderConstants";0.025039;0.018077;0.150692;80345;80135;80250;5;5;7.90258299000561;0.02643004;0.022962;0.027231;299;1;1;1;299;80058;0.018077;0.150692;80135;80250;0.03
"Profiler.FlushCountersWithFlushOnEndOfFrame";0.024539;0.018115;0.094885;80070;80071;80293;4;4;7.49080499075353;0.02505286;0.023538;0.025538;299;1;1;1;299;80058;0.018115;0.094885;80071;80293;0.024769
"FixedUpdate.NewInputFixedUpdate";0.023307;0.012038;0.197384;80063;80103;80123;2;2;7.44709497061558;0.02490667;0.02077;0.025423;553;2;1;3;299;80058;0.002577;0.190961;80354;80123;0.019961
"RG_FinalBlit";0.023231;0.017308;0.087077;80245;80310;80268;9;9;7.54083897732198;0.0252202;0.022192;0.02477;299;1;1;1;299;80058;0.017308;0.087077;80310;80268;0.026692
"Inl_UniversalRenderPipeline.CreateLightData";0.022539;0.018692;0.082193;80231;80310;80345;8;8;7.0846969820559;0.02369464;0.0215;0.024115;299;1;1;1;299;80058;0.018692;0.082193;80310;80345;0.021731
"afterCullingOutputReady.Invoke";0.022115;0.016692;0.115193;80154;80135;80324;10;10;7.21738295815885;0.0241384;0.020692;0.023731;299;1;1;1;299;80058;0.016692;0.115193;80135;80324;0.021577
"Profiler.CollectAudioStats";0.021153;0.017384;0.298384;80176;80136;80329;5;5;7.17085396312177;0.02398279;0.020155;0.022269;598;2;2;2;299;80058;0.005654;0.288692;80143;80329;0.021654
"Update.ScriptRunDelayedTasks";0.020653;0.01623;0.103462;80220;80311;80097;2;2;6.42481398023665;0.02148767;0.019847;0.021538;299;1;1;1;299;80058;0.01623;0.103462;80311;80097;0.022808
"CullObjectsWithoutUmbra";0.019846;0.018;0.037847;80156;80249;80163;12;12;0.308424992486835;0.02056167;0.018615;0.020193;16;1;1;2;15;80063;0.017808;0.020347;80163;80105;0
"UIEvents.UpdateCanvasRectTransform";0.019693;0.015154;0.097731;80080;80145;80289;3;3;6.21745799016207;0.02079417;0.018654;0.020654;299;1;1;1;299;80058;0.015154;0.097731;80145;80289;0.020116
"RG_FinalSetup";0.019538;0.012962;0.390308;80225;80102;80351;9;9;7.39022698253393;0.02471648;0.018654;0.020923;299;1;1;1;299;80058;0.012962;0.390308;80102;80351;0.023039
"RG_FinalFSRScale";0.019384;0.014423;0.994615;80199;80102;80226;9;9;7.27235701493919;0.02432226;0.018693;0.020116;299;1;1;1;299;80058;0.014423;0.994615;80102;80226;0.019384
"Inl_RG_FinalFSRScale";0.019;0.014154;0.114461;80304;80310;80244;8;8;6.21350397821516;0.02078095;0.01827;0.020192;299;1;1;1;299;80058;0.014154;0.114461;80310;80244;0.019
"PostLateUpdate.MemoryFrameMaintenance";0.018846;0.015153;0.267077;80207;80102;80320;2;2;6.42469598539174;0.02148728;0.017884;0.020885;299;1;1;1;299;80058;0.015153;0.267077;80102;80320;0.0185
"UnityEngine.UIModule.dll!UnityEngine::Canvas.SendPreWillRenderCanvases() [Invoke]";0.018654;0.014577;0.196;80324;80310;80133;5;5;6.01147096697241;0.02010525;0.0175;0.019654;299;1;1;1;299;80058;0.014577;0.196;80310;80133;0.019077
"Inl_UpdateReflectionProbeAtlas";0.018231;0.013884;0.089347;80060;80310;80355;10;10;5.80456897895783;0.01941327;0.017539;0.018808;299;1;1;1;299;80058;0.013884;0.089347;80310;80355;0.018846
"UnityEngine.CoreModule.dll!UnityEngine::UnitySynchronizationContext.ExecuteTasks() [Invoke]";0.017962;0.014154;0.100808;80119;80311;80097;3;3;5.6205879766494;0.01879795;0.017384;0.01873;299;1;1;1;299;80058;0.014154;0.100808;80311;80097;0.0205
"EarlyUpdate.UpdateInputManager";0.017962;0.013884;0.181;80273;80181;80192;2;2;5.59898999053985;0.01872572;0.017115;0.018769;299;1;1;1;299;80058;0.013884;0.181;80181;80192;0.018847
"Inl_RG_FinalSetup";0.017692;0.013307;0.080884;80313;80189;80167;8;8;5.68645999673754;0.01901826;0.016923;0.019154;299;1;1;1;299;80058;0.013307;0.080884;80189;80167;0.019615
"LOD.ComputeLOD";0.017077;0.012038;0.1205;80138;80300;80157;9;10;5.48649795987876;0.01834949;0.015654;0.018808;598;2;2;2;299;80058;0.000577;0.118577;80191;80157;0.01623
"FixedUpdate.PhysicsFixedUpdate";0.016731;0.009654;0.148923;80074;80103;80286;2;2;5.1910469844006;0.01736136;0.015115;0.018193;553;2;1;3;299;80058;0.002769;0.135577;80354;80286;0.013462
"UnityEngine.CoreModule.dll!UnityEngine.Experimental.Rendering::ScriptableRuntimeReflectionSystemWrapper.Internal_ScriptableRuntimeReflectionSystemWrapper_TickRealtimeProbes() [Invoke]";0.016731;0.009039;0.124885;80327;80310;80356;3;3;8.61261898465455;0.02880475;0.012192;0.040885;299;1;1;1;299;80058;0.009039;0.124885;80310;80356;0.011808
"EarlyUpdate.UpdateCanvasRectTransform";0.016577;0.013577;0.347693;80270;80139;80265;2;2;5.8637659791857;0.01961126;0.015846;0.017423;299;1;1;1;299;80058;0.013577;0.347693;80139;80265;0.015577
"VolumeManager.ReplaceData";0.015923;0.012424;0.086423;80112;80148;80341;8;8;4.97000097110868;0.01662208;0.014731;0.017231;299;1;1;1;299;80058;0.012424;0.086423;80148;80341;0.013462
"Audibility computation";0.015231;0.006;0.089654;80123;80257;80334;5;5;5.01169797684997;0.01676153;0.014461;0.016039;299;1;1;1;299;80058;0.006;0.089654;80257;80334;0.014192
"PostLateUpdate.EnlightenRuntimeUpdate";0.014577;0.009577;0.090038;80206;80310;80292;2;2;4.88337799254805;0.01633237;0.013077;0.0165;299;1;1;1;299;80058;0.009577;0.090038;80310;80292;0.012808
"Inl_DrawTransparentObjects";0.0145;0.010616;0.133731;80240;80189;80173;8;8;4.60277999658138;0.01539391;0.013846;0.015307;299;1;1;1;299;80058;0.010616;0.133731;80189;80173;0.016077
"PostLateUpdate.UpdateResolution";0.0145;0.010116;0.424885;80313;80102;80134;2;2;5.22141398116946;0.01746292;0.0135;0.015962;299;1;1;1;299;80058;0.010116;0.424885;80102;80134;0.014808
"Layout";0.014461;0.010961;0.084577;80221;80310;80215;6;6;4.41989000048488;0.01478224;0.013384;0.015116;299;1;1;1;299;80058;0.010961;0.084577;80310;80215;0.016769
"EarlyUpdate.PollPlayerConnection";0.014423;0.010192;0.477961;80152;80213;80082;2;2;7.52055901475251;0.02515237;0.013577;0.015269;299;1;1;1;299;80058;0.010192;0.477961;80213;80082;0.013884
"PostLateUpdate.PlayerEmitCanvasGeometry";0.013577;0.00977;0.113307;80281;80310;80195;2;2;4.6395319942385;0.01551683;0.012693;0.014808;299;1;1;1;299;80058;0.00977;0.113307;80310;80195;0.013
"FrameEvents.OnBeforeRenderCallback";0.013539;0.010154;0.089115;80343;80210;80125;3;3;4.20618698187172;0.01406751;0.012846;0.014154;299;1;1;1;299;80058;0.010154;0.089115;80210;80125;0.014
"Inl_UniversalRenderPipeline.GetMainLightIndex";0.013462;0.01077;0.072154;80248;80310;80345;9;9;4.19249799754471;0.01402173;0.012692;0.014308;299;1;1;1;299;80058;0.01077;0.072154;80310;80345;0.012616
"Inl_DrawScreenSpaceUI";0.013423;0.010423;0.06727;80248;80354;80163;8;8;4.18053198768757;0.01398171;0.012654;0.014499;598;2;2;2;299;80058;0.003808;0.06227;80212;80163;0.013269
"Inl_Draw Main Light Shadowmap";0.013269;0.009115;0.1305;80329;80189;80112;8;8;4.31569499894977;0.01443376;0.012423;0.014654;299;1;1;1;299;80058;0.009115;0.1305;80189;80112;0.012539
"Inl_LightCookies";0.013077;0.009307;0.217077;80277;80310;80191;10;10;4.37721999641508;0.01463953;0.012231;0.0145;299;1;1;1;299;80058;0.009307;0.217077;80310;80191;0.013885
"UnityEngine.InputModule.dll!UnityEngineInternal.Input::NativeInputSystem.ShouldRunUpdate() [Invoke]";0.012885;0.009884;0.091423;80298;80103;80320;3;4;4.12482799298596;0.01379541;0.012231;0.013692;1151;4;3;5;299;80058;0.000307;0.084692;80354;80320;0.012962
"Inl_ScriptableRenderer.SetupCullingParameters";0.012807;0.007539;0.063731;80133;80189;80250;7;7;3.96384998830035;0.01325702;0.011269;0.014269;299;1;1;1;299;80058;0.007539;0.063731;80189;80250;0.012769
"Inl_UniversalRenderPipeline.CreateShadowData";0.0125;0.010192;0.090538;80109;80136;80318;8;8;3.95510600507259;0.01322778;0.011923;0.013269;299;1;1;1;299;80058;0.010192;0.090538;80136;80318;0.012423
"PostLateUpdate.PresentAfterDraw";0.012115;0.008539;0.162385;80267;80102;80320;2;2;3.86483098659664;0.01292586;0.011385;0.012846;299;1;1;1;299;80058;0.008539;0.162385;80102;80320;0.011846
"Assembly-CSharp.dll!::CameraController.Update() [Invoke]";0.012;0.008654;0.168577;80159;80103;80116;4;4;3.8874879879877;0.01300163;0.011423;0.012577;299;1;1;1;299;80058;0.008654;0.168577;80103;80116;0.010924
"ReflectionProbes.Update";0.011577;0.005693;0.118693;80069;80310;80356;4;4;7.14425298105925;0.02389382;0.007962;0.036;299;1;1;1;299;80058;0.005693;0.118693;80310;80356;0.0075
"DestroyCullResults";0.011577;0.008308;0.1305;80114;80353;80118;3;3;4.03116000257432;0.01348214;0.011116;0.012153;299;1;1;1;299;80058;0.008308;0.1305;80353;80118;0.010615
"PrepareSceneNodesCombineJob";0.011538;0.006923;0.107269;80295;80142;80105;12;12;3.48142298310995;0.01289416;0.010385;0.012923;270;1;1;1;270;80058;0.006923;0.107269;80142;80105;0.015346
"UGUI.Rendering.EmitWorldScreenspaceCameraGeometry";0.011;0.008076;0.11;80244;80310;80195;4;4;3.75587398989592;0.01256145;0.01027;0.012038;598;2;2;2;299;80058;0.001807;0.107039;80149;80195;0.010577
"UnityEngine.CoreModule.dll!UnityEngine::Application.InvokeOnBeforeRender() [Invoke]";0.010923;0.007847;0.085269;80216;80210;80125;4;4;3.41632198728621;0.01142583;0.010308;0.011538;299;1;1;1;299;80058;0.007847;0.085269;80210;80125;0.011538
"EarlyUpdate.RendererNotifyInvisible";0.010846;0.0085;0.073115;80151;80354;80248;2;2;3.43191499914974;0.01147798;0.010423;0.011384;299;1;1;1;299;80058;0.0085;0.073115;80354;80248;0.01373
"PostLateUpdate.PlayerSendFrameComplete";0.010846;0.008462;0.573231;80350;80102;80235;2;2;4.21565697714686;0.01409919;0.01027;0.011539;299;1;1;1;299;80058;0.008462;0.573231;80102;80235;0.009539
"Initialization.DirectorSampleTime";0.010616;0.008385;0.102347;80071;80354;80112;2;2;3.35056599415839;0.01120591;0.010077;0.011269;299;1;1;1;299;80058;0.008385;0.102347;80354;80112;0.012346
"TransformChangeSystem";0.010539;0.007691;0.068382;80131;80310;80075;3;9;3.34198797383578;0.01117722;0.009922999;0.011308;3289;11;11;11;299;80058;0.00023;0.058654;80310;80075;0.01031
"ReflectionProbeAnchorManagerUpdate";0.010346;0.006961;0.208576;80060;80102;80300;8;10;3.63234998262487;0.01214833;0.009577001;0.011231;598;2;2;2;299;80058;0.00223;0.20523;80102;80300;0.010115
"Graphics.PresentAndSync";0.010193;0.007039;0.159885;80080;80102;80320;3;3;3.2896189908497;0.01100207;0.009538;0.010846;299;1;1;1;299;80058;0.007039;0.159885;80102;80320;0.009846
"PlayerEndOfFrame";0.010154;0.007884;0.571423;80354;80102;80235;3;3;4.00607299804688;0.01339824;0.009615;0.010846;299;1;1;1;299;80058;0.007884;0.571423;80102;80235;0.008962
"GeneralConnection.Poll";0.009885;0.007038;0.019539;80164;80213;80103;5;5;2.97731099184602;0.009957562;0.009231;0.010423;299;1;1;1;299;80058;0.007038;0.019539;80213;80103;0.00973
"Director.SampleTime";0.009769;0.007654;0.101347;80324;80354;80112;3;3;3.07660799613222;0.01028966;0.009192;0.010384;299;1;1;1;299;80058;0.007654;0.101347;80354;80112;0.011539
"Device.Present";0.0095;0.006538;0.15873;80207;80102;80320;4;4;3.03207699069753;0.01014073;0.008847;0.010154;299;1;1;1;299;80058;0.006538;0.15873;80102;80320;0.009077
"Inl_Forward+ Complete";0.0095;0.005731;7.327192;80296;80212;80142;10;10;10.2274188138545;0.03420541;0.008654;0.010115;299;1;1;1;299;80058;0.005731;7.327192;80212;80142;0.0085
"CoroutinesDelayedCalls";0.009422;0.006269;0.069961;80077;80353;80125;3;4;2.92693198219058;0.00978907;0.008845;0.010268;1749;6;5;7;299;80058;0.000193;0.061807;80213;80125;0.008577
"PostLateUpdate.UpdateAllRenderers";0.009308;0.006615;0.072808;80115;80143;80295;2;2;3.11061898479238;0.01040341;0.008577;0.010154;299;1;1;1;299;80058;0.006615;0.072808;80143;80295;0.009692
"RenderLoop.CleanupNodeQueue";0.009194;0.006462;0.041229;80317;80102;80289;7;9;2.83817398408428;0.00949222;0.008731;0.009922;897;3;3;3;299;80058;0.000615;0.036038;80310;80289;0.009462
"UnityEngine.IMGUIModule.dll!UnityEngine::Event.Internal_MakeMasterEventCurrent() [Invoke]";0.009154;0.007116;1.921308;80283;80310;80356;12;12;4.76565604051575;0.01593865;0.008692;0.009654;299;1;1;1;299;80058;0.007116;1.921308;80310;80356;0.010192
"UIEvents.CanvasmanagerEmitOnScreenGeometry";0.008538;0.006423;0.107807;80296;80310;80195;3;3;2.96511999703944;0.009916789;0.008039;0.009347;299;1;1;1;299;80058;0.006423;0.107807;80310;80195;0.008231
"JobHandle.Complete";0.008077;0.004846;7.322846;80298;80137;80142;11;11;9.71146192587912;0.0324798;0.007385;0.008615;299;1;1;1;299;80058;0.004846;7.322846;80137;80142;0.007154
"Inl_Set Motion Vector Global Matrices";0.008;0.006231;0.072538;80076;80310;80334;8;8;2.51560599636286;0.008413398;0.007654;0.008307;299;1;1;1;299;80058;0.006231;0.072538;80310;80334;0.008115
"PreUpdate.InputForUIUpdate";0.007962;0.0065;0.117884;80234;80354;80320;2;2;2.59922899538651;0.008693074;0.007615;0.008384;299;1;1;1;299;80058;0.0065;0.117884;80354;80320;0.007538
"PostLateUpdate.UpdateRectTransform";0.007846;0.005807;0.011692;80233;80310;80286;2;2;2.37613999051973;0.007946957;0.007462;0.008307;299;1;1;1;299;80058;0.005807;0.011692;80310;80286;0.008
"RenderingCommandBuffer.PrepareKeywords";0.007654;0.005654;0.070346;80120;80102;80100;10;11;2.57122198527213;0.008599404;0.007231;0.008;1495;5;5;5;299;80058;0.000577;0.065269;80353;80100;0.007768999
"EarlyUpdate.UpdatePreloading";0.007193;0.005769;0.075385;80133;80213;80211;2;2;2.31654598936439;0.007747645;0.006847;0.007692;299;1;1;1;299;80058;0.005769;0.075385;80213;80211;0.006961
"AudioProfiler.CaptureFrame";0.007154;0.004923;0.276769;80215;80353;80329;6;6;2.5341490060091;0.008475414;0.00677;0.007654;299;1;1;1;299;80058;0.004923;0.276769;80353;80329;0.007577
"Profiler.SerializeStats";0.006962;0.005307;0.076346;80304;80353;80306;5;5;2.28584899520501;0.00764498;0.006654;0.007385;299;1;1;1;299;80058;0.005307;0.076346;80353;80306;0.006808
"Loading.UpdatePreloading";0.006731;0.005308;0.074923;80160;80213;80211;3;3;2.16533899866045;0.007241936;0.006308;0.007154;299;1;1;1;299;80058;0.005308;0.074923;80213;80211;0.006539
"Physics.PrepareSimulationStage";0.006692;0.004423;0.01373;80107;80103;80178;3;3;2.01721098902635;0.006746525;0.006039;0.007192;553;2;1;3;299;80058;0.001;0.011961;80354;80178;0.006077
"EndDynamicVBOFrame";0.006654;0.004307;0.154615;80162;80146;80320;5;5;2.16543999314308;0.007242274;0.006193;0.007192;299;1;1;1;299;80058;0.004307;0.154615;80146;80320;0.006885
"EarlyUpdate.PlayerCleanupCachedData";0.006538;0.005;0.132693;80317;80103;80213;2;2;2.29908299120143;0.007689241;0.006269;0.006846;299;1;1;1;299;80058;0.005;0.132693;80103;80213;0.005846
"GarbageCollector.CollectIncremental";0.006462;0.004884;0.112807;80313;80212;80249;5;5;2.07800999563187;0.006949866;0.006231;0.006769;299;1;1;1;299;80058;0.004884;0.112807;80212;80249;0.008116
"Inl_Setup Debug Properties";0.006385;0.004654;0.052385;80166;80352;80081;8;8;2.00710799591616;0.006712736;0.006039;0.006693;299;1;1;1;299;80058;0.004654;0.052385;80352;80081;0.006192
"Physics.RunSimulationStage";0.006385;0.003231;0.13323;80305;80215;80286;3;3;2.11758799990639;0.007082234;0.005654;0.007192;553;2;1;3;299;80058;0.001154;0.126846;80354;80286;0.004615
"UnityEngine.CoreModule.dll!UnityEngine.Rendering::OnDemandRendering.GetRenderFrameInterval() [Invoke]";0.006382;0.004498;0.010653;80101;80102;80276;2;5;1.93531299257302;0.006472619;0.006001;0.006768;1196;4;4;4;299;80058;0.000231;0.009269;80352;80276;0.006769
"CullResultsToNativeArrays";0.006308;0.004077;0.011808;80284;80191;80301;8;8;1.92746899556369;0.006446385;0.005884;0.006846;299;1;1;1;299;80058;0.004077;0.011808;80191;80301;0.006116
"FindActiveLights";0.006153;0.004193;0.084116;80083;80352;80304;10;10;2.05820399243385;0.006883625;0.005462;0.007231;299;1;1;1;299;80058;0.004193;0.084116;80352;80304;0.007077
"Cleanup Unused Cached Data";0.006115;0.004731;0.132077;80098;80103;80213;3;3;2.1705159926787;0.007259251;0.005846;0.006385;299;1;1;1;299;80058;0.004731;0.132077;80103;80213;0.005461
"PreLateUpdate.ScriptRunBehaviourLateUpdate";0.006115;0.004077;0.056769;80258;80210;80229;2;2;1.89234699262306;0.00632892;0.005808;0.006423;299;1;1;1;299;80058;0.004077;0.056769;80210;80229;0.005923
"PreUpdate.WindUpdate";0.006;0.004808;0.169116;80245;80311;80058;2;2;2.03230699896812;0.006797013;0.005654;0.006307;299;1;1;1;299;80058;0.004808;0.169116;80311;80058;0.005961
"AddDirectionalLights";0.005808;0.003961;0.248077;80210;80157;80214;10;10;2.2487720027566;0.007520976;0.005038;0.006539;299;1;1;1;299;80058;0.003961;0.248077;80157;80214;0.006
"UpdatePreloading";0.005769;0.004616;0.074077;80067;80213;80211;4;4;1.87788599636406;0.006280555;0.005461;0.006192;299;1;1;1;299;80058;0.004616;0.074077;80213;80211;0.005538
"Render";0.005769;0.004116;0.046807;80074;80310;80163;6;6;1.78989399503917;0.005986268;0.005462;0.006116;299;1;1;1;299;80058;0.004116;0.046807;80310;80163;0.006116
"Director.PrepareFrame";0.005535;0.003731;0.008038;80247;80103;80294;3;3;1.65109098546236;0.005522043;0.005078;0.005886;2601;9;7;11;299;80058;0.000115;0.003423;80061;80294;0.006079
"PostLateUpdate.DirectorLateUpdate";0.0055;0.004269;0.009769;80278;80137;80325;2;2;1.66104499716312;0.005555335;0.005116;0.005846;299;1;1;1;299;80058;0.004269;0.009769;80137;80325;0.005423
"PlayerCleanupCachedData";0.0055;0.00423;0.1315;80287;80103;80213;4;4;1.89841500297189;0.006349214;0.005269;0.005807;299;1;1;1;299;80058;0.00423;0.1315;80103;80213;0.004885
"UnityEngine.InputForUIModule.dll!UnityEngine.InputForUI::EventProvider.NotifyUpdate() [Invoke]";0.005346;0.004153;0.078885;80209;80149;80251;3;3;1.69849399244413;0.005680582;0.005077;0.005654;299;1;1;1;299;80058;0.004153;0.078885;80149;80251;0.005115
"FixedUpdate.DirectorFixedUpdate";0.005346;0.003615;0.009886;80121;80103;80317;2;2;1.59222599671921;0.005325171;0.004885;0.005731;553;2;1;3;299;80058;0.000654;0.008116;80354;80317;0.004884
"FixedUpdate.AudioFixedUpdate";0.005308;0.002808;0.07557701;80353;80103;80095;2;2;1.68841399566736;0.00564687;0.004769;0.005922;553;2;1;3;299;80058;0.0005;0.074385;80354;80095;0.003846
"Graphics.DrawProcedural";0.005271;0.003693;0.118231;80332;80102;80253;10;11;1.90724698733538;0.006378753;0.004923;0.005693;1495;5;5;5;299;80058;0.000308;0.114039;80102;80253;0.005653
"Initialize Frame";0.005154;0.003462;0.035731;80137;80102;80063;9;9;1.57780999364331;0.005276957;0.005;0.005347;299;1;1;1;299;80058;0.003462;0.035731;80102;80063;0.005615
"SpeedTreeWindManager.Update";0.005154;0.004;0.168;80257;80138;80058;3;3;1.78585099708289;0.005972746;0.004885;0.005462;299;1;1;1;299;80058;0.004;0.168;80138;80058;0.005077
"Inl_RG_SetupPostFX";0.005154;0.003769;0.0655;80328;80189;80179;8;8;1.72846499434672;0.005780819;0.004654;0.005962;299;1;1;1;299;80058;0.003769;0.0655;80189;80179;0.005462
"ApplyPass.PrepareKeywords";0.005078;0.002924;0.153038;80231;80353;80271;5;14;1.75965999945765;0.00588515;0.004577;0.005614;897;3;3;3;299;80058;0.000616;0.150038;80353;80271;0.004807
"UnityEngine.CoreModule.dll!UnityEngine.Rendering::SupportedRenderingFeatures.IsLightmapBakeTypeSupportedByRef() [Invoke]";0.005076;0.003269;0.078807;80127;80310;80129;3;3;1.68034799187444;0.005619893;0.0045;0.005846;299;1;1;1;299;80058;0.003269;0.078807;80310;80129;0.0045
"Connections.Process";0.005039;0.003731;0.013346;80266;80213;80103;6;6;1.5380389939528;0.005143943;0.004847;0.005307;299;1;1;1;299;80058;0.003731;0.013346;80213;80103;0.005
"Camera.Render";0.005038;0.003115;0.044039;80221;80109;80129;3;3;1.58442899817601;0.005299094;0.004346;0.005885;299;1;1;1;299;80058;0.003115;0.044039;80109;80129;0.004885
"ReflectionProbeAnchorPositionUpdate";0.004923;0.002924;0.119192;80220;80102;80086;9;11;1.81663699581986;0.006075709;0.0045;0.005461;598;2;2;2;299;80058;0.000693;0.116231;80110;80086;0.0045
"FrameEvents.XRBeginFrame";0.004885;0.003731;0.054153;80178;80143;80067;3;3;1.56095400219783;0.005220582;0.0045;0.005192;299;1;1;1;299;80058;0.003731;0.054153;80143;80067;0.004923
"Physics.SyncTransforms";0.004807;0.003115;0.010461;80075;80103;80178;4;4;1.45712099299999;0.004873314;0.004385;0.005231;553;2;1;3;299;80058;0.000769;0.009269;80354;80178;0.004423
"GUITexture.Draw";0.004692;0.0025;0.072269;80189;80102;80199;4;4;1.47234399640001;0.004924227;0.004269;0.005115;299;1;1;1;299;80058;0.0025;0.072269;80102;80199;0.004269
"AddCustomActiveLocalLights";0.004692;0.003153;0.109884;80208;80310;80289;10;10;1.62799200019799;0.005444789;0.004346;0.005269;299;1;1;1;299;80058;0.003153;0.109884;80310;80289;0.006307
"PrepareUpdateRendererBoundingVolumes";0.004691;0.003193;0.044692;80128;80142;80218;3;10;1.47508999530692;0.004933411;0.004271;0.005194;897;3;3;3;299;80058;0.000577;0.041923;80159;80218;0.005193
"Application.Integrate Assets in Background";0.004462;0.003538;0.072539;80208;80212;80211;5;5;1.49396500177681;0.004996539;0.004231;0.004923;299;1;1;1;299;80058;0.003538;0.072539;80212;80211;0.004193
"PostLateUpdate.DirectorRenderImage";0.004462;0.002115;0.062269;80345;80300;80245;2;2;1.5063469952438;0.00503795;0.004;0.005116;299;1;1;1;299;80058;0.002115;0.062269;80300;80245;0.003846
"TerrainManager.CullAllTerrains";0.004192;0.003231;0.007346;80279;80191;80080;8;8;1.3007329928223;0.004350278;0.003884;0.004654;299;1;1;1;299;80058;0.003231;0.007346;80191;80080;0.003885
"Unity.RenderPipelines.Core.Runtime.dll!UnityEngine.Rendering::Volume.Update() [Invoke]";0.004038;0.002846;0.072616;80195;80353;80244;4;4;1.42069299775176;0.004751482;0.003808;0.004385;299;1;1;1;299;80058;0.002846;0.072616;80353;80244;0.004077
"TimeManager.Update";0.004;0.002923;0.008885;80099;80310;80317;3;3;1.20912399538793;0.004043893;0.003808;0.004192;299;1;1;1;299;80058;0.002923;0.008885;80310;80317;0.00427
"LateBehaviourUpdate";0.003923;0.002693;0.053962;80161;80210;80229;3;3;1.23623899393715;0.004134579;0.003692;0.004192;299;1;1;1;299;80058;0.002693;0.053962;80210;80229;0.00377
"PreUpdate.NewInputUpdate";0.003808;0.002577;0.020654;80094;80321;80104;2;2;1.21730499342084;0.004071254;0.003577;0.004231;299;1;1;1;299;80058;0.002577;0.020654;80321;80104;0.004269
"PreLateUpdate.ConstraintManagerUpdate";0.003731;0.002692;0.046154;80277;80143;80181;2;2;1.17823899537325;0.003940599;0.0035;0.004077;299;1;1;1;299;80058;0.002692;0.046154;80143;80181;0.004038
"UIEvents.CanvasManagerEmitOffScreenGeometry";0.003539;0.002385;0.047808;80261;80310;80216;3;3;1.14477799413726;0.003828689;0.00323;0.004039;299;1;1;1;299;80058;0.002385;0.047808;80310;80216;0.003385
"UnityEngine.InputModule.dll!UnityEngineInternal.Input::NativeInputSystem.NotifyBeforeUpdate() [Invoke]";0.003537;0.002731;0.006077;80094;80146;80123;3;4;1.07569698771113;0.003597649;0.003309;0.003808;1151;4;3;5;299;80058;0.000269;0.003962;80190;80123;0.003462
"Initialization.UpdateCameraMotionVectors";0.0035;0.002576;0.103307;80262;80147;80345;2;2;1.26944699813612;0.004245642;0.003269;0.003847;299;1;1;1;299;80058;0.002576;0.103307;80147;80345;0.003307
"Assembly-CSharp.dll!::SelectionController.Update() [Invoke]";0.003462;0.002615;0.007077;80224;80213;80167;4;4;1.06285899481736;0.003554712;0.003269;0.003693;299;1;1;1;299;80058;0.002615;0.007077;80213;80167;0.003462
"Update.DirectorUpdate";0.003461;0.001077;0.083923;80183;80103;80234;2;2;1.11931199242827;0.003743518;0.003038;0.003884;299;1;1;1;299;80058;0.001077;0.083923;80103;80234;0.00627
"EarlyUpdate.ScriptRunDelayedStartupFrame";0.003384;0.002192;0.007192;80117;80103;80191;2;2;1.05018999637105;0.003512341;0.003077;0.003769;299;1;1;1;299;80058;0.002192;0.007192;80103;80191;0.003154
"UnityEngine.CoreModule.dll!UnityEngine.Rendering::RenderPipelineManager.HandleRenderPipelineChange() [Invoke]";0.003308;0.00227;0.063346;80269;80310;80133;3;3;1.15036699082702;0.003847381;0.003039;0.003846;598;2;2;2;299;80058;0.000461;0.061346;80060;80133;0.00327
"AudioManager.FixedUpdate";0.003308;0.001923;0.010693;80106;80103;80252;3;3;1.00665599423519;0.003366743;0.002962;0.003654;553;2;1;3;299;80058;0.000231;0.010308;80354;80252;0.002846
"FixedUpdate.ScriptRunBehaviourFixedUpdate";0.003307;0.001769;0.007038;80136;80103;80104;2;2;0.999362991686212;0.003342351;0.002923;0.003692;553;2;1;3;299;80058;0.000461;0.004154;80354;80123;0.003077
"PostLateUpdate.ScriptRunDelayedDynamicFrameRate";0.003269;0.001846;0.063923;80206;80210;80125;2;2;1.0664619988529;0.003566762;0.003;0.003616;299;1;1;1;299;80058;0.001846;0.063923;80210;80125;0.003885
"Director.ProcessFrame";0.003269;0.002309;0.00673;80336;80310;80317;3;3;0.987408990476979;0.003302371;0.003001;0.003538;2601;9;7;11;299;80058;7.7E-05;0.003577;80181;80317;0.004112
"UnityEngine.CoreModule.dll!UnityEngine.Rendering::SupportedRenderingFeatures.IsUIOverlayRenderedBySRP() [Invoke]";0.003154;0.002;0.323577;80215;80353;80310;3;3;1.34296198002994;0.004491512;0.002923;0.003423;299;1;1;1;299;80058;0.002;0.323577;80353;80310;0.003385
"FindBrightestDirectionalLight";0.002962;0.002192;0.005461;80127;80106;80205;10;10;0.911074994364753;0.003047073;0.002769;0.003269;299;1;1;1;299;80058;0.002192;0.005461;80106;80205;0.002923
"Connections.Poll";0.002961;0.001653;0.007115;80297;80311;80338;6;6;0.879199997987598;0.002940468;0.002577;0.003269;299;1;1;1;299;80058;0.001653;0.007115;80311;80338;0.003039
"CullSceneDynamicObjectsCombineJob";0.002923;0.002577;0.004731;80249;80063;80156;11;11;0.0195760000497103;0.003262667;0.002846;0.003038;6;1;1;1;6;80063;0.002577;0.004731;80063;80156;0
"Flush DSP connections";0.002885;0.001038;0.005192;80336;80257;80170;6;6;0.873394996742718;0.002921053;0.002576;0.003231;299;1;1;1;299;80058;0.001038;0.005192;80257;80170;0.002462
"PostLateUpdate.VFXUpdate";0.002846;0.001846;0.080962;80113;80143;80071;2;2;0.981846999726258;0.003283769;0.002616;0.003077;299;1;1;1;299;80058;0.001846;0.080962;80143;80071;0.002539
"Draw Main Light Shadowmap";0.002846;0.001924;0.008808;80211;80189;80321;9;9;0.883275996427983;0.0029541;0.002692;0.003115;299;1;1;1;299;80058;0.001924;0.008808;80189;80321;0.002846
"Initialization.XREarlyUpdate";0.002846;0.002038;0.006539;80249;80211;80292;2;2;0.873586998321116;0.002921696;0.002692;0.003039;299;1;1;1;299;80058;0.002038;0.006539;80211;80292;0.002616
"Physics.Interpolation";0.002845;0.002039;0.083346;80234;80211;80174;3;3;1.00517399261298;0.003361786;0.002654;0.003;598;2;2;2;299;80058;0.000192;0.082884;80085;80174;0.002692
"UnityEngine.CoreModule.dll!UnityEngine.Rendering::RenderPipelineManager.GetCurrentPipelineAssetType() [Invoke]";0.002769;0.001653;1.241654;80231;80189;80175;3;3;2.18151103390846;0.007296023;0.0025;0.003116;299;1;1;1;299;80058;0.001653;1.241654;80189;80175;0.002693
"PreUpdate.IMGUISendQueuedEvents";0.002731;0.001846;0.304807;80321;80211;80104;2;2;1.13311400415841;0.003789679;0.002538;0.002962;299;1;1;1;299;80058;0.001846;0.304807;80211;80104;0.003192
"LightCookies";0.00273;0.001847;0.073154;80078;80354;80333;10;10;1.03580600197893;0.003464234;0.002539;0.002961;299;1;1;1;299;80058;0.001847;0.073154;80354;80333;0.003
"addCustomLights.Invoke";0.002618;0.001846;0.107539;80336;80310;80289;11;11;0.992595997500757;0.003319719;0.002385;0.003001;2093;7;7;7;299;80058;0.000115;0.105654;80102;80289;0.003153
"UnityEngine.InputModule.dll!UnityEngineInternal.Input::NativeInputSystem.NotifyUpdate() [Invoke]";0.002538;0.001808;0.00477;80347;80310;80353;3;4;0.773650989707676;0.002587462;0.002422;0.002731;1151;4;3;5;299;80058;0.000231;0.003077;80190;80353;0.002076
"Update Lights";0.0025;0.001346;0.0465;80097;80172;80277;3;3;0.812763997819275;0.002718274;0.002115;0.002923;299;1;1;1;299;80058;0.001346;0.0465;80172;80277;0.002577
"EarlyUpdate.ProcessMouseInWindow";0.0025;0.001154;0.004462;80114;80103;80133;2;2;0.761970996041782;0.002548398;0.00227;0.002769;299;1;1;1;299;80058;0.001154;0.004462;80103;80133;0.001885
"Initialization.AsyncUploadTimeSlicedUpdate";0.002347;0.001731;0.071385;80278;80212;80211;2;2;0.796649990254082;0.002664381;0.002192;0.002576;299;1;1;1;299;80058;0.001731;0.071385;80212;80211;0.002308
"SpeedTreeWindManager.UpdateGlobalAndLocalWinds";0.002346;0.00173;0.004115;80273;80277;80178;4;4;0.714876997517422;0.002390893;0.00223;0.002538;299;1;1;1;299;80058;0.00173;0.004115;80277;80178;0.002461
"FixedUpdate.DirectorFixedUpdatePostPhysics";0.002269;0.001;0.003924;80250;80103;80286;2;2;0.652030994824599;0.002180706;0.001884;0.002385;553;2;1;3;299;80058;0.000615;0.002731;80213;80286;0.001154
"Inl_Setup Main Shadowmap";0.002231;0.001461;0.004384;80109;80138;80298;9;9;0.697950997622684;0.002334284;0.002;0.002577;299;1;1;1;299;80058;0.001461;0.004384;80138;80298;0.002731
"ConstraintManager::Update";0.00223;0.001462;0.003769;80305;80143;80133;3;3;0.675200999830849;0.002258197;0.002038;0.002462;299;1;1;1;299;80058;0.001462;0.003769;80143;80133;0.002616
"Inl_ScriptableRenderer.InternalFinishRenderingCommon";0.002192;0.001577;0.053308;80258;80310;80226;7;7;0.718845994910225;0.002404167;0.002038;0.002346;299;1;1;1;299;80058;0.001577;0.053308;80310;80226;0.002077
"RenderTexture.GarbageCollectTemporary";0.002154;0.001385;0.104808;80076;80138;80255;5;5;0.756179001298733;0.002529027;0.001962;0.002346;299;1;1;1;299;80058;0.001385;0.104808;80138;80255;0.001807
"Inl_RenderPipeline.EndCameraRendering";0.002077;0.001461;0.086692;80164;80149;80272;6;6;0.906879994319752;0.003033043;0.001923;0.002269;299;1;1;1;299;80058;0.001461;0.086692;80149;80272;0.002385
"PreUpdate.PhysicsUpdate";0.001962;0.00127;0.003653;80174;80194;80070;2;2;0.597959999577142;0.001999866;0.001808;0.002192;299;1;1;1;299;80058;0.00127;0.003653;80194;80070;0.002462
"Update.ScriptRunDelayedDynamicFrameRate";0.001961;0.000808;0.051115;80075;80353;80213;2;2;0.646882997301873;0.002163488;0.001577;0.002269;299;1;1;1;299;80058;0.000808;0.051115;80353;80213;0.0015
"PostLateUpdate.EndGraphicsJobsAfterScriptLateUpdate";0.001923;0.001346;0.00327;80162;80310;80063;2;2;0.592350000981241;0.001981104;0.001769;0.002115;299;1;1;1;299;80058;0.001346;0.00327;80310;80063;0.001846
"EarlyUpdate.DispatchEventQueueEvents";0.001885;0.001346;0.003885;80233;80213;80152;2;2;0.578009000164457;0.00193314;0.001808;0.002;299;1;1;1;299;80058;0.001346;0.003885;80213;80152;0.00177
"ClipperRegistry.Cull";0.001885;0.001385;0.003347;80353;80310;80214;7;7;0.583127998630516;0.001950261;0.001693;0.002077;299;1;1;1;299;80058;0.001385;0.003347;80310;80214;0.002039
"EarlyUpdate.XRUpdate";0.001846;0.001308;0.00523;80078;80212;80206;2;2;0.568985998397693;0.001902963;0.001654;0.002039;299;1;1;1;299;80058;0.001308;0.00523;80212;80206;0.002
"EarlyUpdate.ExecuteMainThreadJobs";0.001808;0.00123;0.003039;80153;80213;80261;2;2;0.555454000015743;0.001857706;0.001692;0.001962;299;1;1;1;299;80058;0.00123;0.003039;80213;80261;0.001885
"PostLateUpdate.UpdateVideoTextures";0.001808;0.001;0.004576;80308;80210;80320;2;2;0.575383998919278;0.001924361;0.001538;0.002231;299;1;1;1;299;80058;0.001;0.004576;80210;80320;0.002461
"FixedUpdate.ScriptRunDelayedFixedFrameRate";0.001807;0.000577;0.003654;80147;80103;80286;2;2;0.539304992678808;0.001803696;0.0015;0.002077;553;2;1;3;299;80058;0.000461;0.002693;80213;80286;0.000962
"FixedUpdate.DirectorFixedSampleTime";0.001807;0.000731;0.003308;80172;80103;80191;2;2;0.537466996203875;0.001797548;0.001539;0.002;553;2;1;3;299;80058;0.00023;0.002808;80355;80114;0.001846
"PreLateUpdate.PhysicsLateUpdate";0.00177;0.001192;0.043962;80188;80137;80256;2;2;0.62773099693004;0.002099435;0.001577;0.002;299;1;1;1;299;80058;0.001192;0.043962;80137;80256;0.002038
"EarlyUpdate.UpdateAsyncInstantiate";0.00177;0.001269;0.002923;80236;80190;80081;2;2;0.551574998418801;0.001844732;0.001654;0.001961;299;1;1;1;299;80058;0.001269;0.002923;80190;80081;0.001769
"PostLateUpdate.InputEndFrame";0.001654;0.000885;0.164038;80204;80102;80329;2;2;0.67089600127656;0.002243799;0.001539;0.001808;299;1;1;1;299;80058;0.000885;0.164038;80102;80329;0.001615
"PostLateUpdate.GUIClearEvents";0.001654;0.001039;0.002884;80263;80102;80325;2;2;0.508381998282857;0.001700274;0.0015;0.001846;299;1;1;1;299;80058;0.001039;0.002884;80102;80325;0.001346
"Profiler.FlushFileIOCounters";0.001577;0.001038;0.003769;80241;80102;80090;4;4;0.495340997236781;0.001656659;0.0015;0.001731;299;1;1;1;299;80058;0.001038;0.003769;80102;80090;0.001692
"Renderers.OncePerFrameUpdate";0.001539;0.001077;0.002731;80225;80136;80240;3;3;0.486317997681908;0.001626482;0.001423;0.001769;299;1;1;1;299;80058;0.001077;0.002731;80136;80240;0.0015
"FixedBehaviourUpdate";0.001538;0.000731;0.004308;80171;80103;80104;3;3;0.468377995712217;0.001566482;0.001308;0.001769;553;2;1;3;299;80058;0.000231;0.002923;80190;80123;0.001577
"Inl_RenderPipeline.BeginContextRendering";0.001385;0.000847;0.039269;80326;80310;80094;5;5;0.478270996769425;0.001599569;0.001269;0.001615;299;1;1;1;299;80058;0.000847;0.039269;80310;80094;0.001961
"FindDirectionalShadowCastingLights";0.001384;0.000769;0.002731;80240;80180;80163;10;10;0.437646996753756;0.001463702;0.001231;0.001577;299;1;1;1;299;80058;0.000769;0.002731;80180;80163;0.00173
"EarlyUpdate.UpdateTextureStreamingManager";0.001347;0.000961;0.002616;80337;80213;80071;2;2;0.42038299550768;0.001405963;0.001269;0.001538;299;1;1;1;299;80058;0.000961;0.002616;80213;80071;0.001269
"Set Motion Vector Global Matrices";0.001346;0.001038;0.038462;80323;80102;80190;9;9;0.48560599272605;0.0016241;0.00127;0.0015;299;1;1;1;299;80058;0.001038;0.038462;80102;80190;0.001577
"PostLateUpdate.SortingGroupsUpdate";0.001346;0.001038;0.002769;80356;80188;80155;2;2;0.42261799541302;0.001413438;0.001269;0.0015;299;1;1;1;299;80058;0.001038;0.002769;80188;80155;0.001385
"FrameEvents.XREndFrame";0.001308;0.000884;0.072924;80076;80356;80230;4;4;0.468355998047628;0.001566408;0.001192;0.001423;299;1;1;1;299;80058;0.000884;0.072924;80356;80230;0.001308
"Profiler.CollectGIStats";0.00127;0.001;0.002154;80330;80188;80333;5;5;0.396583993802778;0.001326368;0.001231;0.001385;299;1;1;1;299;80058;0.001;0.002154;80188;80333;0.0015
"CanvasUpdate.Prelayout";0.00127;0.000846;0.003423;80347;80310;80133;7;7;0.405655996815767;0.001356709;0.001192;0.001462;299;1;1;1;299;80058;0.000846;0.003423;80310;80133;0.001385
"RG_SetupPostFX";0.001269;0.0005;0.048769;80155;80067;80274;9;9;0.512466996675357;0.001713936;0.001077;0.001615;299;1;1;1;299;80058;0.0005;0.048769;80067;80274;0.002769
"Preload Single Step";0.001231;0.000769;0.06923;80337;80190;80211;6;6;0.52303799521178;0.001749291;0.001115;0.001462;299;1;1;1;299;80058;0.000769;0.06923;80190;80211;0.001076
"PostLateUpdate.PlayerSendFramePostPresent";0.001231;0.000847;0.003115;80345;80310;80237;2;2;0.390070997120347;0.001304585;0.001154;0.001384;299;1;1;1;299;80058;0.000847;0.003115;80310;80237;0.001539
"QueuePrepareIntegrateMainThreadObjects";0.001193;0.000577;0.034077;80078;80310;80068;10;10;0.405269997252617;0.001355418;0.001;0.001423;299;1;1;1;299;80058;0.000577;0.034077;80310;80068;0.001347
"PreLateUpdate.DirectorUpdateAnimationBegin";0.001193;0.000846;0.002347;80204;80354;80348;2;2;0.368419994891156;0.001232174;0.001154;0.001308;299;1;1;1;299;80058;0.000846;0.002347;80354;80348;0.002347
"PostLateUpdate.TriggerEndOfFrameCallbacks";0.001154;0.000731;0.002692;80113;80102;80338;2;2;0.349159997887909;0.001167759;0.001038;0.001231;299;1;1;1;299;80058;0.000731;0.002692;80102;80338;0.00123
"Gfx.WaitForPresentOnGfxThread";0.001154;0.000731;0.002808;80347;80137;80320;3;3;0.369695997738745;0.001236441;0.001038;0.001346;299;1;1;1;299;80058;0.000731;0.002808;80137;80320;0.000962
"PrepareSceneNodesSetUp";0.001116;0.000192;0.020154;80107;80250;80190;12;12;0.459772998961853;0.004337481;0.000538;0.008269001;337;3;1;6;106;80061;0.000115;0.019384;80074;80190;0.007846
"suspendPointHook.Invoke";0.001115;0.000654;0.002039;80118;80212;80276;6;6;0.33815399708692;0.00113095;0.001;0.001231;299;1;1;1;299;80058;0.000654;0.002039;80212;80276;0.001231
"PostLateUpdate.ShaderHandleErrors";0.001115;0.000769;0.209731;80337;80102;80089;2;2;0.555491997569334;0.001857833;0.001;0.001269;299;1;1;1;299;80058;0.000769;0.209731;80102;80089;0.001038
"CleanUp.TextRenderingGarbageCollect";0.001077;0.0005;0.127692;80064;80174;80213;5;5;0.455850999162067;0.001524585;0.001;0.001192;299;1;1;1;299;80058;0.0005;0.127692;80174;80213;0.000923
"GlobalEventQueue";0.001076;0.000769;0.002654;80111;80080;80152;3;3;0.330959001381416;0.001106886;0.001;0.001154;299;1;1;1;299;80058;0.000769;0.002654;80080;80152;0.001077
"Inl_RenderPipeline.EndContextRendering";0.001038;0.000692;0.050423;80316;80133;80353;5;5;0.412813997711055;0.001380649;0.000961;0.001192;299;1;1;1;299;80058;0.000692;0.050423;80133;80353;0.000807
"PostLateUpdate.ClearImmediateRenderers";0.001;0.000615;0.002461;80201;80226;80294;2;2;0.30895399855217;0.001033291;0.000884;0.001116;299;1;1;1;299;80058;0.000615;0.002461;80226;80294;0.000923
"PreLateUpdate.DirectorUpdateAnimationEnd";0.001;0.000616;0.019769;80267;80103;80108;2;2;0.322953005495947;0.00108011;0.001;0.001038;299;1;1;1;299;80058;0.000616;0.019769;80103;80108;0.001
"Inl_Sort Render Passes";0.001;0.000731;0.002692;80327;80191;80341;8;8;0.323225998668931;0.001081023;0.000923;0.001154;299;1;1;1;299;80058;0.000731;0.002692;80191;80341;0.001077
"SoundManager.Update";0.000962;0.000731;0.081077;80202;80147;80293;3;3;0.432271000579931;0.001445722;0.000885;0.001077;299;1;1;1;299;80058;0.000731;0.081077;80147;80293;0.000847
"Inl_RenderPipeline.BeginCameraRendering";0.000962;0.000539;0.003115;80356;80352;80283;6;6;0.316376997041516;0.001058117;0.000846;0.00123;299;1;1;1;299;80058;0.000539;0.003115;80352;80283;0.001116
"PostLateUpdate.XRPostLateUpdate";0.000885;0.000462;0.002885;80141;80327;80240;2;2;0.280883997183992;0.0009394113;0.000769;0.001038;299;1;1;1;299;80058;0.000462;0.002885;80327;80240;0.000654
"PostLateUpdate.BatchModeUpdate";0.000884;0.000577;0.001808;80060;80149;80077;2;2;0.268724996014498;0.0008987458;0.000769;0.000962;299;1;1;1;299;80058;0.000577;0.001808;80149;80077;0.001423
"PostLateUpdate.ProfilerSynchronizeStats";0.000846;0.000538;0.001923;80234;80102;80355;2;2;0.273339995881543;0.0009141806;0.000731;0.001;299;1;1;1;299;80058;0.000538;0.001923;80102;80355;0.000846
"PreLateUpdate.DirectorDeferredEvaluate";0.000846;0.000615;0.170038;80325;80103;80177;2;2;0.432121995429043;0.001445224;0.000807;0.000923;299;1;1;1;299;80058;0.000615;0.170038;80103;80177;0.001115
"Physics.CalculateSyncTransformCount";0.000808;0.0005;0.003077;80259;80059;80325;5;5;0.254006996998214;0.0008495217;0.000692;0.000923;553;2;1;3;299;80058;0.000115;0.002923;80113;80325;0.0005
"Terrain.UpdateSplatProperties";0.000808;0.0005;0.002539;80292;80196;80328;9;9;0.261844995024148;0.0008757358;0.000769;0.000923;299;1;1;1;299;80058;0.0005;0.002539;80196;80328;0.000846
"Inl_ScriptableRenderer.AddRenderPasses";0.000807;0.000577;3.355077;80147;80310;80203;7;7;3.60570302349515;0.01205921;0.00073;0.000885;299;1;1;1;299;80058;0.000577;3.355077;80310;80203;0.000808
"CanvasUpdate.PreRender";0.000731;0.000538;0.001846;80167;80206;80131;7;7;0.228182993771043;0.0007631538;0.000692;0.000769;299;1;1;1;299;80058;0.000538;0.001846;80206;80131;0.000731
"FixedUpdate.XRFixedUpdate";0.000731;0.000307;0.055807;80180;80111;80162;2;2;0.280373996902199;0.0009377057;0.000578;0.000885;553;2;1;3;299;80058;0.000115;0.055807;80191;80162;0.000461
"PreUpdate.SendMouseEvents";0.000692;0.000462;0.001962;80249;80327;80114;2;2;0.210882995947031;0.0007052943;0.000653;0.000731;299;1;1;1;299;80058;0.000462;0.001962;80327;80114;0.000846
"UIEvents.AlignCanvasRectTransformWithCamera";0.000654;0.000384;0.001462;80304;80124;80236;3;3;0.209305997035699;0.0007000201;0.000539;0.000769;299;1;1;1;299;80058;0.000384;0.001462;80124;80236;0.001269
"Terrain.Trees.OnWillRender";0.000654;0.000384;0.001731;80346;80191;80170;11;11;0.219959996291436;0.0007356522;0.000577;0.000808;299;1;1;1;299;80058;0.000384;0.001731;80191;80170;0.000654
"CombineJobResults";0.000616;0.000538;0.001346;80160;80125;80183;12;12;0.023655999568291;0.0007630968;0.000577;0.000731;31;1;1;1;31;80063;0.000538;0.001346;80125;80183;0
"EarlyUpdate.ARCoreUpdate";0.000616;0.000346;0.001616;80216;80189;80333;2;2;0.197493996558478;0.000660515;0.000577;0.000692;299;1;1;1;299;80058;0.000346;0.001616;80189;80333;0.000654
"EarlyUpdate.UpdateAsyncReadbackManager";0.000616;0.000346;0.001615;80304;80213;80274;2;2;0.201354996504961;0.0006734281;0.000539;0.000769;299;1;1;1;299;80058;0.000346;0.001615;80213;80274;0.0005
"EarlyUpdate.PresentBeforeUpdate";0.000577;0.000231;0.00273;80078;80062;80221;2;2;0.183154997663223;0.0006125585;0.000461;0.000692;299;1;1;1;299;80058;0.000231;0.00273;80062;80221;0.000423
"EarlyUpdate.GpuTimestamp";0.000577;0.000192;0.149384;80084;80190;80309;2;2;0.319838004288613;0.001069692;0.000308;0.000769;299;1;1;1;299;80058;0.000192;0.149384;80190;80309;0.000808
"CanvasUpdate.PostLayout";0.000577;0.000423;0.001153;80118;80188;80343;7;7;0.175001997908112;0.000585291;0.000538;0.000615;299;1;1;1;299;80058;0.000423;0.001153;80188;80343;0.000577
"EarlyUpdate.SpriteAtlasManagerUpdate";0.000577;0.000423;0.001462;80134;80311;80065;2;2;0.180929997499334;0.0006051171;0.000538;0.000653;299;1;1;1;299;80058;0.000423;0.001462;80311;80065;0.000539
"FrameEvents.XRPostPresent";0.000577;0.000346;0.001961;80175;80310;80254;3;3;0.177066997915972;0.0005921973;0.0005;0.000616;299;1;1;1;299;80058;0.000346;0.001961;80310;80254;0.000731
"PostLateUpdate.ResetInputAxis";0.000539;0.000346;0.001192;80081;80145;80154;2;2;0.17538699900615;0.0005865786;0.0005;0.000654;299;1;1;1;299;80058;0.000346;0.001192;80145;80154;0.0005
"Inl_Setup Additional Shadows";0.000539;0.000307;0.00173;80092;80188;80251;9;9;0.16715699803899;0.0005590535;0.000461;0.000654;299;1;1;1;299;80058;0.000307;0.00173;80188;80251;0.000539
"PreUpdate.CheckTexFieldInput";0.000538;0.00023;0.001385;80159;80103;80286;2;2;0.162144998117583;0.000542291;0.000461;0.000654;299;1;1;1;299;80058;0.00023;0.001385;80103;80286;0.000538
"EarlyUpdate.ResetFrameStatsAfterPresent";0.0005;0.000384;0.001269;80207;80189;80133;2;2;0.160120999935316;0.0005355217;0.000462;0.000577;299;1;1;1;299;80058;0.000384;0.001269;80189;80133;0.000462
"FindShadowCastingLights";0.0005;0.000307;0.001731;80242;80102;80322;11;11;0.170003998850007;0.0005685752;0.000461;0.000615;299;1;1;1;299;80058;0.000307;0.001731;80102;80322;0.000692
"PostLateUpdate.XRPreEndFrame";0.0005;0.000385;0.001077;80339;80102;80089;2;2;0.168773999961559;0.0005644615;0.0005;0.000616;299;1;1;1;299;80058;0.000385;0.001077;80102;80089;0.000577
"CanvasUpdate.Layout";0.000462;0.000308;0.000962;80089;80188;80274;7;7;0.139807999163168;0.0004675853;0.000461;0.000462;299;1;1;1;299;80058;0.000308;0.000962;80188;80274;0.000461
"SortingGroupManager.Update";0.000462;0.000346;0.001384;80258;80188;80086;3;3;0.154497998591978;0.0005167157;0.000461;0.000539;299;1;1;1;299;80058;0.000346;0.001384;80188;80086;0.000461
"Physics.WriteRigidbodyPoses";0.000461;0.000192;0.001038;80157;80103;80191;5;5;0.140578998601995;0.0004701639;0.000386;0.000538;553;2;1;3;299;80058;7.6E-05;0.000846;80213;80067;0.000692
"Setup Debug Properties";0.000424;0.000269;0.035923;80241;80188;80098;9;9;0.208696999819949;0.0006979833;0.000385;0.0005;299;1;1;1;299;80058;0.000269;0.035923;80188;80098;0.000654
"Physics.WriteColliderPoses";0.000423;0.000115;0.00123;80120;80266;80203;5;5;0.124232999442029;0.000415495;0.000346;0.000462;553;2;1;3;299;80058;7.6E-05;0.001077;80190;80203;0.000307
"CanvasUpdate.LatePreRender";0.000385;0.000269;0.000885;80139;80188;80274;7;7;0.117191999423085;0.0003919465;0.000384;0.000385;299;1;1;1;299;80058;0.000269;0.000885;80188;80274;0.000384
"ScheduleCullingGroups";0.000384;0.00023;0.001346;80210;80188;80106;8;8;0.129490998820984;0.0004330803;0.000308;0.0005;299;1;1;1;299;80058;0.00023;0.001346;80188;80106;0.000423
"FixedUpdate.ClearLines";0.000384;0.000115;0.001155;80244;80103;80071;2;2;0.116847999510355;0.000390796;0.000308;0.000461;553;2;1;3;299;80058;7.7E-05;0.000808;80213;80071;0.000346
"CullingGroupSendEvents";0.000308;0.000116;0.035346;80074;80335;80169;8;8;0.132950001054269;0.0004446488;0.000269;0.000346;299;1;1;1;299;80058;0.000116;0.035346;80335;80169;0.000269
"TextureStreamingManager.Update";0.000308;0.000231;0.000923;80181;80213;80314;3;3;0.101841998970485;0.0003406087;0.000307;0.000346;299;1;1;1;299;80058;0.000231;0.000923;80213;80314;0.000308
"ConstraintManager::Update::JobSetup";0.000308;0.000269;0.000923;80278;80060;80133;4;4;0.109886998863658;0.0003675151;0.000307;0.000423;299;1;1;1;299;80058;0.000269;0.000923;80060;80133;0.000308
"EarlyUpdate.ClearLines";0.000307;0.000192;0.001538;80285;80211;80133;2;2;0.0952659995964495;0.0003186154;0.000269;0.000308;299;1;1;1;299;80058;0.000192;0.001538;80211;80133;0.000307
"Inl_UniversalRenderPipeline.GetPerObjectLightFlags";0.000231;0.000115;0.000654;80222;80310;80134;8;8;0.0759290003043134;0.0002539431;0.00023;0.000269;299;1;1;1;299;80058;0.000115;0.000654;80310;80134;0.000269
"RenderTarget.SetActive";0.000193;0.000115;0.032;80233;80183;80161;11;11;0.0979320018595899;0.0003275318;0.000192;0.000231;299;1;1;1;299;80058;0.000115;0.032;80183;80161;0.00023
"Active Constraints";0;0;0;80207;80058;80058;4;5;0;0;0;0;598;2;2;2;299;80058;0;0;80058;80058;0
"Active Dynamic Bodies";0;0;0;80207;80058;80058;4;5;0;0;0;0;598;2;2;2;299;80058;0;0;80058;80058;0
"Active Kinematic Bodies";0;0;0;80207;80058;80058;4;5;0;0;0;0;598;2;2;2;299;80058;0;0;80058;80058;0
"AnimationClip Count";0;0;0;80207;80058;80058;5;5;0;0;0;0;299;1;1;1;299;80058;0;0;80058;80058;0
"AnimationClip Memory";0;0;0;80207;80058;80058;5;5;0;0;0;0;299;1;1;1;299;80058;0;0;80058;80058;0
"App Committed Memory";0;0;0;80207;80058;80058;5;5;0;0;0;0;299;1;1;1;299;80058;0;0;80058;80058;0
"App Resident Memory";0;0;0;80207;80058;80058;5;5;0;0;0;0;299;1;1;1;299;80058;0;0;80058;80058;0
"Articulation Bodies";0;0;0;80207;80058;80058;4;5;0;0;0;0;598;2;2;2;299;80058;0;0;80058;80058;0
"Asset Count";0;0;0;80207;80058;80058;5;5;0;0;0;0;299;1;1;1;299;80058;0;0;80058;80058;0
"Audio Reserved Memory";0;0;0;80207;80058;80058;5;5;0;0;0;0;299;1;1;1;299;80058;0;0;80058;80058;0
"Audio Used Memory";0;0;0;80207;80058;80058;5;5;0;0;0;0;299;1;1;1;299;80058;0;0;80058;80058;0
"AudioClip Count";0;0;0;80207;80058;80058;5;5;0;0;0;0;299;1;1;1;299;80058;0;0;80058;80058;0
"AudioClip Memory";0;0;0;80207;80058;80058;5;5;0;0;0;0;299;1;1;1;299;80058;0;0;80058;80058;0
"BeginJob";0;0;0;80207;80058;80058;11;13;0;0;0;0;1012;3;1;11;297;80058;0;0;80058;80058;0
"Broadphase Adds";0;0;0;80207;80058;80058;4;5;0;0;0;0;598;2;2;2;299;80058;0;0;80058;80058;0
"Broadphase Adds/Removes";0;0;0;80207;80058;80058;4;5;0;0;0;0;598;2;2;2;299;80058;0;0;80058;80058;0
"Broadphase Removes";0;0;0;80207;80058;80058;4;5;0;0;0;0;598;2;2;2;299;80058;0;0;80058;80058;0
"Colliders Synced";0;0;0;80207;80058;80058;4;5;0;0;0;0;598;2;2;2;299;80058;0;0;80058;80058;0
"Continuous Overlaps";0;0;0;80207;80058;80058;4;5;0;0;0;0;598;2;2;2;299;80058;0;0;80058;80058;0
"CPU Main Thread Frame Time";0;0;0;80207;80058;80058;5;5;0;0;0;0;299;1;1;1;299;80058;0;0;80058;80058;0
"CPU Render Thread Frame Time";0;0;0;80207;80058;80058;5;5;0;0;0;0;299;1;1;1;299;80058;0;0;80058;80058;0
"CPU Total Frame Time";0;0;0;80207;80058;80058;5;5;0;0;0;0;299;1;1;1;299;80058;0;0;80058;80058;0
"Discreet Overlaps";0;0;0;80207;80058;80058;4;5;0;0;0;0;598;2;2;2;299;80058;0;0;80058;80058;0
"Dynamic Bodies";0;0;0;80207;80058;80058;4;5;0;0;0;0;598;2;2;2;299;80058;0;0;80058;80058;0
"EndJob";0;0;0;80207;80058;80058;11;13;0;0;0;0;1012;3;1;11;297;80058;0;0;80058;80058;0
"Game Object Count";0;0;0;80207;80058;80058;5;5;0;0;0;0;299;1;1;1;299;80058;0;0;80058;80058;0
"GC Allocated In Frame";0;0;0;80207;80058;80058;5;5;0;0;0;0;299;1;1;1;299;80058;0;0;80058;80058;0
"GC Allocation In Frame Count";0;0;0;80207;80058;80058;5;5;0;0;0;0;299;1;1;1;299;80058;0;0;80058;80058;0
"GC Reserved Memory";0;0;0;80207;80058;80058;5;5;0;0;0;0;299;1;1;1;299;80058;0;0;80058;80058;0
"GC Used Memory";0;0;0;80207;80058;80058;5;5;0;0;0;0;299;1;1;1;299;80058;0;0;80058;80058;0
"Gfx Reserved Memory";0;0;0;80207;80058;80058;5;5;0;0;0;0;299;1;1;1;299;80058;0;0;80058;80058;0
"Gfx Used Memory";0;0;0;80207;80058;80058;5;5;0;0;0;0;299;1;1;1;299;80058;0;0;80058;80058;0
"Global Illumination Support";0;0;0;80207;80058;80058;5;5;0;0;0;0;299;1;1;1;299;80058;0;0;80058;80058;0
"GPU Frame Time";0;0;0;80207;80058;80058;5;5;0;0;0;0;299;1;1;1;299;80058;0;0;80058;80058;0
"KickJobs";0;0;0;80207;80058;80058;7;12;0;0;0;0;2392;8;8;8;299;80058;0;0;80058;80058;0
"Material Count";0;0;0;80207;80058;80058;5;5;0;0;0;0;299;1;1;1;299;80058;0;0;80058;80058;0
"Material Memory";0;0;0;80207;80058;80058;5;5;0;0;0;0;299;1;1;1;299;80058;0;0;80058;80058;0
"Mesh Count";0;0;0;80207;80058;80058;5;5;0;0;0;0;299;1;1;1;299;80058;0;0;80058;80058;0
"Mesh Memory";0;0;0;80207;80058;80058;5;5;0;0;0;0;299;1;1;1;299;80058;0;0;80058;80058;0
"Modified Overlaps";0;0;0;80207;80058;80058;4;5;0;0;0;0;598;2;2;2;299;80058;0;0;80058;80058;0
"Narrowphase Lost Touches";0;0;0;80207;80058;80058;4;5;0;0;0;0;598;2;2;2;299;80058;0;0;80058;80058;0
"Narrowphase New Touches";0;0;0;80207;80058;80058;4;5;0;0;0;0;598;2;2;2;299;80058;0;0;80058;80058;0
"Narrowphase Touches";0;0;0;80207;80058;80058;4;5;0;0;0;0;598;2;2;2;299;80058;0;0;80058;80058;0
"Object Count";0;0;0;80207;80058;80058;5;5;0;0;0;0;299;1;1;1;299;80058;0;0;80058;80058;0
"Overlaps";0;0;0;80207;80058;80058;4;5;0;0;0;0;598;2;2;2;299;80058;0;0;80058;80058;0
"Physics Queries";0;0;0;80207;80058;80058;4;5;0;0;0;0;598;2;2;2;299;80058;0;0;80058;80058;0
"Physics Used Memory";0;0;0;80207;80058;80058;4;5;0;0;0;0;598;2;2;2;299;80058;0;0;80058;80058;0
"Profiler Reserved Memory";0;0;0;80207;80058;80058;5;5;0;0;0;0;299;1;1;1;299;80058;0;0;80058;80058;0
"Profiler Used Memory";0;0;0;80207;80058;80058;5;5;0;0;0;0;299;1;1;1;299;80058;0;0;80058;80058;0
"Render Textures Bytes";0;0;0;80207;80058;80058;5;5;0;0;0;0;299;1;1;1;299;80058;0;0;80058;80058;0
"Render Textures Count";0;0;0;80207;80058;80058;5;5;0;0;0;0;299;1;1;1;299;80058;0;0;80058;80058;0
"Rigidbodies Synced";0;0;0;80207;80058;80058;4;5;0;0;0;0;598;2;2;2;299;80058;0;0;80058;80058;0
"Scene Object Count";0;0;0;80207;80058;80058;5;5;0;0;0;0;299;1;1;1;299;80058;0;0;80058;80058;0
"ScheduleAllocJob";0;0;0;80207;80058;80058;7;10;0;0;0;0;1196;4;4;4;299;80058;0;0;80058;80058;0
"ScheduleJob";0;0;0;80207;80058;80058;2;13;0;0;0;0;6104;20;20;23;299;80058;0;0;80058;80058;0
"Static Colliders";0;0;0;80207;80058;80058;4;5;0;0;0;0;598;2;2;2;299;80058;0;0;80058;80058;0
"System Total Used Memory";0;0;0;80207;80058;80058;5;5;0;0;0;0;299;1;1;1;299;80058;0;0;80058;80058;0
"System Used Memory";0;0;0;80207;80058;80058;5;5;0;0;0;0;299;1;1;1;299;80058;0;0;80058;80058;0
"Texture Count";0;0;0;80207;80058;80058;5;5;0;0;0;0;299;1;1;1;299;80058;0;0;80058;80058;0
"Texture Memory";0;0;0;80207;80058;80058;5;5;0;0;0;0;299;1;1;1;299;80058;0;0;80058;80058;0
"Total Reserved Memory";0;0;0;80207;80058;80058;5;5;0;0;0;0;299;1;1;1;299;80058;0;0;80058;80058;0
"Total Used Memory";0;0;0;80207;80058;80058;5;5;0;0;0;0;299;1;1;1;299;80058;0;0;80058;80058;0
"Trigger Overlaps";0;0;0;80207;80058;80058;4;5;0;0;0;0;897;3;3;3;299;80058;0;0;80058;80058;0
"Video Reserved Memory";0;0;0;80207;80058;80058;5;5;0;0;0;0;299;1;1;1;299;80058;0;0;80058;80058;0
"Video Used Memory";0;0;0;80207;80058;80058;5;5;0;0;0;0;299;1;1;1;299;80058;0;0;80058;80058;0
"WaitForCompleted";0;0;0;80207;80058;80058;9;12;0;0;0;0;2472;8;8;10;299;80058;0;0;80058;80058;0
