Issue,Severity,Areas,Filename,Assembly,Descriptor,Ignored
"'System.Collections.Generic.Dictionary`2<Unit,Tile>' allocation","Info","Memory","BoardState.cs:31","Assembly-CSharp","Object Allocation","False"
"'System.Collections.Generic.Dictionary`2<Unit,System.Int32>' allocation","Info","Memory","BoardState.cs:32","Assembly-CSharp","Object Allocation","False"
"'System.Collections.Generic.Dictionary`2<Unit,System.Boolean>' allocation","Info","Memory","BoardState.cs:33","Assembly-CSharp","Object Allocation","False"
"'System.Collections.Generic.Dictionary`2<Unit,System.Boolean>' allocation","Info","Memory","BoardState.cs:34","Assembly-CSharp","Object Allocation","False"
"'System.Collections.Generic.Dictionary`2<Unit,System.Boolean>' allocation","Info","Memory","BoardState.cs:35","Assembly-CSharp","Object Allocation","False"
"'System.Collections.Generic.HashSet`1<Unit>' allocation","Info","Memory","BoardState.cs:36","Assembly-CSharp","Object Allocation","False"
"'System.Collections.Generic.Dictionary`2<Tile,Unit>' allocation","Info","Memory","BoardState.cs:37","Assembly-CSharp","Object Allocation","False"
"'System.Collections.Generic.Dictionary`2<City,Player>' allocation","Info","Memory","BoardState.cs:38","Assembly-CSharp","Object Allocation","False"
"'System.Collections.Generic.Dictionary`2<City,Unit>' allocation","Info","Memory","BoardState.cs:39","Assembly-CSharp","Object Allocation","False"
"'System.Collections.Generic.Dictionary`2<Unit,Tile>' allocation","Info","Memory","BoardState.cs:44","Assembly-CSharp","Object Allocation","False"
"'System.Collections.Generic.Dictionary`2<Unit,System.Int32>' allocation","Info","Memory","BoardState.cs:45","Assembly-CSharp","Object Allocation","False"
"'System.Collections.Generic.Dictionary`2<Unit,System.Boolean>' allocation","Info","Memory","BoardState.cs:46","Assembly-CSharp","Object Allocation","False"
"'System.Collections.Generic.Dictionary`2<Unit,System.Boolean>' allocation","Info","Memory","BoardState.cs:47","Assembly-CSharp","Object Allocation","False"
"'System.Collections.Generic.Dictionary`2<Unit,System.Boolean>' allocation","Info","Memory","BoardState.cs:48","Assembly-CSharp","Object Allocation","False"
"'System.Collections.Generic.HashSet`1<Unit>' allocation","Info","Memory","BoardState.cs:49","Assembly-CSharp","Object Allocation","False"
"'System.Collections.Generic.Dictionary`2<Tile,Unit>' allocation","Info","Memory","BoardState.cs:50","Assembly-CSharp","Object Allocation","False"
"'System.Collections.Generic.Dictionary`2<City,Player>' allocation","Info","Memory","BoardState.cs:51","Assembly-CSharp","Object Allocation","False"
"'System.Collections.Generic.Dictionary`2<City,Unit>' allocation","Info","Memory","BoardState.cs:52","Assembly-CSharp","Object Allocation","False"
"'BoardState' allocation","Info","Memory","BoardState.cs:100","Assembly-CSharp","Object Allocation","False"
"'System.Func`2<Skill,System.Boolean>' allocation","Info","Memory","BoardState.cs:108","Assembly-CSharp","Object Allocation","False"
"'System.Linq.Enumerable.Any' usage","Moderate","CPU, Memory","BoardState.cs:108","Assembly-CSharp","System.Linq.*","False"
"'BoardState' allocation","Info","Memory","BoardState.cs:116","Assembly-CSharp","Object Allocation","False"
"'BoardState' allocation","Info","Memory","BoardState.cs:125","Assembly-CSharp","Object Allocation","False"
"'BoardState' allocation","Info","Memory","BoardState.cs:132","Assembly-CSharp","Object Allocation","False"
"'BoardState' allocation","Info","Memory","BoardState.cs:143","Assembly-CSharp","Object Allocation","False"
"'BoardState' allocation","Info","Memory","BoardState.cs:160","Assembly-CSharp","Object Allocation","False"
"'BoardState' allocation","Info","Memory","BoardState.cs:168","Assembly-CSharp","Object Allocation","False"
"Closure allocation in 'BoardState.RemovePendingCapturesForUnit'","Info","Memory","BoardState.cs:0","Assembly-CSharp","Closure Allocation","False"
"'System.Func`2<System.Collections.Generic.KeyValuePair`2<City,Unit>,System.Boolean>' allocation","Info","Memory","BoardState.cs:175","Assembly-CSharp","Object Allocation","False"
"'System.Linq.Enumerable.Where' usage","Moderate","CPU, Memory","BoardState.cs:175","Assembly-CSharp","System.Linq.*","False"
"'System.Func`2<System.Collections.Generic.KeyValuePair`2<City,Unit>,City>' allocation","Info","Memory","BoardState.cs:175","Assembly-CSharp","Object Allocation","False"
"'System.Linq.Enumerable.Select' usage","Moderate","CPU, Memory","BoardState.cs:175","Assembly-CSharp","System.Linq.*","False"
"'System.Linq.Enumerable.ToList' usage","Moderate","CPU, Memory","BoardState.cs:175","Assembly-CSharp","System.Linq.*","False"
"'BoardState' allocation","Info","Memory","BoardState.cs:27","Assembly-CSharp","Object Allocation","False"
"Closure allocation in 'EconomyAI.HandleEconomy'","Info","Memory","EconomyAI.cs:0","Assembly-CSharp","Closure Allocation","False"
"'System.Func`2<EconomyCandidateAction,System.Boolean>' allocation","Info","Memory","EconomyAI.cs:17","Assembly-CSharp","Object Allocation","False"
"'System.Linq.Enumerable.Where' usage","Moderate","CPU, Memory","EconomyAI.cs:17","Assembly-CSharp","System.Linq.*","False"
"'System.Linq.Enumerable.ToList' usage","Moderate","CPU, Memory","EconomyAI.cs:17","Assembly-CSharp","System.Linq.*","False"
"'System.Func`2<EconomyCandidateAction,System.Single>' allocation","Info","Memory","EconomyAI.cs:23","Assembly-CSharp","Object Allocation","False"
"'System.Linq.Enumerable.OrderByDescending' usage","Moderate","CPU, Memory","EconomyAI.cs:23","Assembly-CSharp","System.Linq.*","False"
"'System.Linq.Enumerable.First' usage","Moderate","CPU, Memory","EconomyAI.cs:23","Assembly-CSharp","System.Linq.*","False"
"'System.Collections.Generic.List`1<EconomyCandidateAction>' allocation","Info","Memory","EconomyAI.cs:32","Assembly-CSharp","Object Allocation","False"
"'System.Linq.Enumerable.ToList' usage","Moderate","CPU, Memory","EconomyAI.cs:36","Assembly-CSharp","System.Linq.*","False"
"'System.Collections.Generic.List`1<EconomyCandidateAction>' allocation","Info","Memory","EconomyAI.cs:38","Assembly-CSharp","Object Allocation","False"
"Closure allocation in 'EconomyAI.FindBestBuildTile'","Info","Memory","EconomyAI.cs:0","Assembly-CSharp","Closure Allocation","False"
"'System.Func`2<Tile,System.Boolean>' allocation","Info","Memory","EconomyAI.cs:69","Assembly-CSharp","Object Allocation","False"
"'System.Linq.Enumerable.Where' usage","Moderate","CPU, Memory","EconomyAI.cs:69","Assembly-CSharp","System.Linq.*","False"
"'System.Linq.Enumerable.FirstOrDefault' usage","Moderate","CPU, Memory","EconomyAI.cs:69","Assembly-CSharp","System.Linq.*","False"
"'System.Collections.Generic.List`1<Unit>' allocation","Info","Memory","EconomyAI.cs:137","Assembly-CSharp","Object Allocation","False"
"Closure allocation in 'EconomyAI.CalculateCounterStrength'","Info","Memory","EconomyAI.cs:0","Assembly-CSharp","Closure Allocation","False"
"'System.Func`2<Counter,System.Boolean>' allocation","Info","Memory","EconomyAI.cs:186","Assembly-CSharp","Object Allocation","False"
"'System.Linq.Enumerable.FirstOrDefault' usage","Moderate","CPU, Memory","EconomyAI.cs:186","Assembly-CSharp","System.Linq.*","False"
"'System.Linq.Enumerable.Contains' usage","Moderate","CPU, Memory","EconomyAI.cs:246","Assembly-CSharp","System.Linq.*","False"
"'System.Predicate`1<Player>' allocation","Info","Memory","TacticsAI.cs:15","Assembly-CSharp","Object Allocation","False"
"'System.Func`2<CandidateAction,System.Single>' allocation","Info","Memory","TacticsAI.cs:93","Assembly-CSharp","Object Allocation","False"
"'System.Linq.Enumerable.OrderByDescending' usage","Moderate","CPU, Memory","TacticsAI.cs:93","Assembly-CSharp","System.Linq.*","False"
"'System.Linq.Enumerable.First' usage","Moderate","CPU, Memory","TacticsAI.cs:93","Assembly-CSharp","System.Linq.*","False"
"Closure allocation in 'TacticsAI.GenerateAllCandidates'","Info","Memory","TacticsAI.cs:0","Assembly-CSharp","Closure Allocation","False"
"'System.Func`2<Unit,System.Boolean>' allocation","Info","Memory","TacticsAI.cs:161","Assembly-CSharp","Object Allocation","False"
"'System.Linq.Enumerable.Where' usage","Moderate","CPU, Memory","TacticsAI.cs:161","Assembly-CSharp","System.Linq.*","False"
"'System.Func`2<Unit,System.Collections.Generic.IEnumerable`1<CandidateAction>>' allocation","Info","Memory","TacticsAI.cs:161","Assembly-CSharp","Object Allocation","False"
"'System.Linq.Enumerable.SelectMany' usage","Moderate","CPU, Memory","TacticsAI.cs:161","Assembly-CSharp","System.Linq.*","False"
"'System.Linq.Enumerable.ToList' usage","Moderate","CPU, Memory","TacticsAI.cs:161","Assembly-CSharp","System.Linq.*","False"
"'UnityEngine.Object.Instantiate<UnityEngine.GameObject>' usage","Moderate","CPU, Memory","City.cs:116","Assembly-CSharp","UnityEngine.Object.Instantiate","False"
"'String' array allocation","Info","Memory","City.cs:130","Assembly-CSharp","Array Allocation","False"
"'UnityEngine.Object.name' usage","Moderate","Memory","City.cs:130","Assembly-CSharp","UnityEngine.Object.name","False"
"'UnityEngine.Object.name' usage","Moderate","Memory","City.cs:130","Assembly-CSharp","UnityEngine.Object.name","False"
"'System.String.Concat' usage","Info","Memory","City.cs:130","Assembly-CSharp","System.String.Concat","False"
"'UnityEngine.Object.Instantiate<UnityEngine.GameObject>' usage","Moderate","CPU, Memory","City.cs:165","Assembly-CSharp","UnityEngine.Object.Instantiate","False"
"'System.String.Concat' usage","Info","Memory","City.cs:246","Assembly-CSharp","System.String.Concat","False"
"'UnityEngine.Object.Instantiate<UnityEngine.GameObject>' usage","Moderate","CPU, Memory","City.cs:258","Assembly-CSharp","UnityEngine.Object.Instantiate","False"
"'System.Collections.Generic.List`1<Unit>' allocation","Info","Memory","City.cs:17","Assembly-CSharp","Object Allocation","False"
"'System.Collections.Generic.List`1<Building>' allocation","Info","Memory","City.cs:18","Assembly-CSharp","Object Allocation","False"
"'UnityEngine.Object.Instantiate<UnityEngine.GameObject>' usage","Moderate","CPU, Memory","FogOfWarManager.cs:18","Assembly-CSharp","UnityEngine.Object.Instantiate","False"
"'VisibilityState' allocation","Info","Memory","FogOfWarManager.cs:26","Assembly-CSharp","Object Allocation","False"
"'System.Collections.Generic.Dictionary`2<UnityEngine.Vector2Int,UnityEngine.GameObject>' allocation","Info","Memory","FogOfWarManager.cs:9","Assembly-CSharp","Object Allocation","False"
"'UnityEngine.Object.Instantiate<UnityEngine.GameObject>' usage","Moderate","CPU, Memory","GridGenerator.cs:55","Assembly-CSharp","UnityEngine.Object.Instantiate","False"
"Conversion from value type 'Int32' to ref type","Moderate","Memory","GridGenerator.cs:56","Assembly-CSharp","Boxing Allocation","False"
"Conversion from value type 'Int32' to ref type","Moderate","Memory","GridGenerator.cs:56","Assembly-CSharp","Boxing Allocation","False"
"'UnityEngine.GameObject.AddComponent<Tile>' usage","Moderate","CPU, Memory","GridGenerator.cs:59","Assembly-CSharp","UnityEngine.GameObject.AddComponent","False"
"'System.Collections.Generic.List`1<Tile>' allocation","Moderate","Memory","GridManager.cs:22","Assembly-CSharp","Object Allocation","False"
"'System.Collections.Generic.Dictionary`2<UnityEngine.Vector2Int,Tile>' allocation","Info","Memory","GridManager.cs:7","Assembly-CSharp","Object Allocation","False"
"'System.Collections.Generic.HashSet`1<TechData>' allocation","Info","Memory","PlayerTechState.cs:7","Assembly-CSharp","Object Allocation","False"
"Closure allocation in 'TerritoryBorderManager.RebuildBorder'","Info","Memory","TerritoryBorderRenderer.cs:0","Assembly-CSharp","Closure Allocation","False"
"'System.Func`2<Tile,System.Boolean>' allocation","Info","Memory","TerritoryBorderRenderer.cs:44","Assembly-CSharp","Object Allocation","False"
"'System.Linq.Enumerable.Where' usage","Moderate","CPU, Memory","TerritoryBorderRenderer.cs:44","Assembly-CSharp","System.Linq.*","False"
"'System.Linq.Enumerable.ToList' usage","Moderate","CPU, Memory","TerritoryBorderRenderer.cs:44","Assembly-CSharp","System.Linq.*","False"
"'System.Collections.Generic.HashSet`1<Tile>' allocation","Info","Memory","TerritoryBorderRenderer.cs:59","Assembly-CSharp","Object Allocation","False"
"'System.Collections.Generic.List`1<System.ValueTuple`2<UnityEngine.Vector3,UnityEngine.Vector3>>' allocation","Info","Memory","TerritoryBorderRenderer.cs:84","Assembly-CSharp","Object Allocation","False"
"'System.Collections.Generic.List`1<System.ValueTuple`2<UnityEngine.Vector3,UnityEngine.Vector3>>' allocation","Info","Memory","TerritoryBorderRenderer.cs:116","Assembly-CSharp","Object Allocation","False"
"'System.Collections.Generic.List`1<System.Collections.Generic.List`1<UnityEngine.Vector3>>' allocation","Info","Memory","TerritoryBorderRenderer.cs:117","Assembly-CSharp","Object Allocation","False"
"'System.Collections.Generic.List`1<UnityEngine.Vector3>' allocation","Info","Memory","TerritoryBorderRenderer.cs:121","Assembly-CSharp","Object Allocation","False"
"'UnityEngine.GameObject' allocation","Info","Memory","TerritoryBorderRenderer.cs:160","Assembly-CSharp","Object Allocation","False"
"'UnityEngine.GameObject.AddComponent<UnityEngine.LineRenderer>' usage","Moderate","CPU, Memory","TerritoryBorderRenderer.cs:163","Assembly-CSharp","UnityEngine.GameObject.AddComponent","False"
"'System.Func`2<UnityEngine.Vector3,UnityEngine.Vector3>' allocation","Info","Memory","TerritoryBorderRenderer.cs:175","Assembly-CSharp","Object Allocation","False"
"'System.Linq.Enumerable.Select' usage","Moderate","CPU, Memory","TerritoryBorderRenderer.cs:175","Assembly-CSharp","System.Linq.*","False"
"'System.Linq.Enumerable.ToArray' usage","Moderate","CPU, Memory","TerritoryBorderRenderer.cs:175","Assembly-CSharp","System.Linq.*","False"
"'System.Collections.Generic.List`1<UnityEngine.LineRenderer>' allocation","Info","Memory","TerritoryBorderRenderer.cs:181","Assembly-CSharp","Object Allocation","False"
"'System.Collections.Generic.Dictionary`2<System.Object,System.Collections.Generic.List`1<UnityEngine.LineRenderer>>' allocation","Info","Memory","TerritoryBorderRenderer.cs:18","Assembly-CSharp","Object Allocation","False"
"'Vector2Int' array allocation","Info","Memory","TerritoryBorderRenderer.cs:20","Assembly-CSharp","Array Allocation","False"
"'UnityEngine.Renderer.material' usage","Major","GPU","Tile.cs:29","Assembly-CSharp","UnityEngine.Renderer.material","False"
"'System.Boolean[0...,0...]' allocation","Info","Memory","VisibilityState.cs:10","Assembly-CSharp","Object Allocation","False"
"'UnityEngine.Object.Instantiate<UnityEngine.GameObject>' usage","Moderate","CPU, Memory","WorldPopulationManager.cs:47","Assembly-CSharp","UnityEngine.Object.Instantiate","False"
"Conversion from value type 'Int32' to ref type","Moderate","Memory","WorldPopulationManager.cs:50","Assembly-CSharp","Boxing Allocation","False"
"'System.String.Concat' usage","Info","Memory","WorldPopulationManager.cs:81","Assembly-CSharp","System.String.Concat","False"
"'UnityEngine.Object.Instantiate<UnityEngine.GameObject>' usage","Moderate","CPU, Memory","WorldPopulationManager.cs:87","Assembly-CSharp","UnityEngine.Object.Instantiate","False"
"'System.Collections.Generic.List`1<City>' allocation","Info","Memory","WorldPopulationManager.cs:109","Assembly-CSharp","Object Allocation","False"
"'System.Collections.Generic.List`1<Tile>' allocation","Info","Memory","WorldPopulationManager.cs:180","Assembly-CSharp","Object Allocation","False"
"'System.Collections.Generic.List`1<City>' allocation","Info","Memory","WorldPopulationManager.cs:20","Assembly-CSharp","Object Allocation","False"
"'System.Func`2<Skill,System.Boolean>' allocation","Moderate","Memory","Unit.cs:54","Assembly-CSharp","Object Allocation","False"
"'System.Linq.Enumerable.Any' usage","Major","CPU, Memory","Unit.cs:54","Assembly-CSharp","System.Linq.*","False"
"'UnityEngine.Renderer.material' usage","Moderate","GPU","Unit.cs:138","Assembly-CSharp","UnityEngine.Renderer.material","False"
"'UnityEngine.Renderer.material' usage","Moderate","GPU","Unit.cs:140","Assembly-CSharp","UnityEngine.Renderer.material","False"
"'UnityEngine.Renderer.material' usage","Major","GPU","Unit.cs:146","Assembly-CSharp","UnityEngine.Renderer.material","False"
"'UnityEngine.Renderer.material' usage","Major","GPU","Unit.cs:148","Assembly-CSharp","UnityEngine.Renderer.material","False"
"'System.Collections.Generic.List`1<City>' allocation","Info","Memory","Player.cs:15","Assembly-CSharp","Object Allocation","False"
"'System.Collections.Generic.List`1<Unit>' allocation","Info","Memory","Player.cs:16","Assembly-CSharp","Object Allocation","False"
"'PlayerTechState' allocation","Info","Memory","Player.cs:17","Assembly-CSharp","Object Allocation","False"
"Closure allocation in 'SelectionController.ShowSpawnOptions'","Moderate","Memory","SelectionController.cs:0","Assembly-CSharp","Closure Allocation","False"
"'System.Func`2<FactionUnit,System.Boolean>' allocation","Moderate","Memory","SelectionController.cs:92","Assembly-CSharp","Object Allocation","False"
"'System.Linq.Enumerable.Where' usage","Major","CPU, Memory","SelectionController.cs:92","Assembly-CSharp","System.Linq.*","False"
"'System.Linq.Enumerable.ToArray' usage","Major","CPU, Memory","SelectionController.cs:92","Assembly-CSharp","System.Linq.*","False"
"Closure allocation in 'SelectionController.SelectTerritory'","Moderate","Memory","SelectionController.cs:0","Assembly-CSharp","Closure Allocation","False"
"'System.Func`2<BuildingData,System.Boolean>' allocation","Moderate","Memory","SelectionController.cs:103","Assembly-CSharp","Object Allocation","False"
"'System.Linq.Enumerable.Where' usage","Major","CPU, Memory","SelectionController.cs:103","Assembly-CSharp","System.Linq.*","False"
"'System.Linq.Enumerable.ToArray' usage","Major","CPU, Memory","SelectionController.cs:103","Assembly-CSharp","System.Linq.*","False"
"Closure allocation in 'SelectionController.DeactivateUsedUnits'","Moderate","Memory","SelectionController.cs:0","Assembly-CSharp","Closure Allocation","False"
"'System.Linq.Enumerable.ToList' usage","Major","CPU, Memory","SelectionController.cs:223","Assembly-CSharp","System.Linq.*","False"
"'System.Func`2<Player,System.Boolean>' allocation","Moderate","Memory","SelectionController.cs:226","Assembly-CSharp","Object Allocation","False"
"'System.Linq.Enumerable.Any' usage","Major","CPU, Memory","SelectionController.cs:226","Assembly-CSharp","System.Linq.*","False"
"'System.Collections.Generic.List`1<Tile>' allocation","Info","Memory","SelectionController.cs:11","Assembly-CSharp","Object Allocation","False"
"'System.Predicate`1<Player>' allocation","Info","Memory","TurnManager.cs:29","Assembly-CSharp","Object Allocation","False"
"'UnityEngine.Object.name' usage","Moderate","Memory","TurnManager.cs:32","Assembly-CSharp","UnityEngine.Object.name","False"
"'System.String.Concat' usage","Info","Memory","TurnManager.cs:32","Assembly-CSharp","System.String.Concat","False"
"Use of Debug.Log in 'EndTurn'","Info","CPU","TurnManager.cs:32","Assembly-CSharp","Debug.Log / Debug.LogFormat","False"
"'System.Collections.Generic.List`1<Player>' allocation","Info","Memory","TurnManager.cs:10","Assembly-CSharp","Object Allocation","False"
"'System.String.Concat' usage","Info","Memory","BuildingInfoPopup.cs:14","Assembly-CSharp","System.String.Concat","False"
"Conversion from value type 'Int32' to ref type","Moderate","Memory","CityStarsUI.cs:9","Assembly-CSharp","Boxing Allocation","False"
"'System.String.Concat' usage","Moderate","Memory","ItemPurchaseButton.cs:19","Assembly-CSharp","System.String.Concat","False"
"Conversion from value type 'Int32' to ref type","Moderate","Memory","PopulationUI.cs:9","Assembly-CSharp","Boxing Allocation","False"
"Conversion from value type 'Int32' to ref type","Moderate","Memory","PopulationUI.cs:9","Assembly-CSharp","Boxing Allocation","False"
"'System.Predicate`1<Player>' allocation","Info","Memory","UIManager.cs:48","Assembly-CSharp","Object Allocation","False"
"'System.Action`1<System.Int32>' allocation","Info","Memory","UIManager.cs:53","Assembly-CSharp","Object Allocation","False"
"'System.Action`1<Player>' allocation","Info","Memory","UIManager.cs:54","Assembly-CSharp","Object Allocation","False"
"'System.Action`1<Player>' allocation","Info","Memory","UIManager.cs:55","Assembly-CSharp","Object Allocation","False"
"'System.Action`1<Player>' allocation","Info","Memory","UIManager.cs:56","Assembly-CSharp","Object Allocation","False"
"'System.Action`1<Player>' allocation","Info","Memory","UIManager.cs:57","Assembly-CSharp","Object Allocation","False"
"'System.Action`1<System.Int32>' allocation","Info","Memory","UIManager.cs:62","Assembly-CSharp","Object Allocation","False"
"'System.Action`1<Player>' allocation","Info","Memory","UIManager.cs:63","Assembly-CSharp","Object Allocation","False"
"'System.Action`1<Player>' allocation","Info","Memory","UIManager.cs:64","Assembly-CSharp","Object Allocation","False"
"'System.Action`1<Player>' allocation","Info","Memory","UIManager.cs:65","Assembly-CSharp","Object Allocation","False"
"'System.Action`1<Player>' allocation","Info","Memory","UIManager.cs:66","Assembly-CSharp","Object Allocation","False"
"Closure allocation in 'UIManager.ShowSpawnButtons'","Moderate","Memory","UIManager.cs:0","Assembly-CSharp","Closure Allocation","False"
"Closure allocation in 'UIManager.ShowSpawnButtons'","Moderate","Memory","UIManager.cs:0","Assembly-CSharp","Closure Allocation","False"
"'UnityEngine.Object.Instantiate<UnityEngine.GameObject>' usage","Major","CPU, Memory","UIManager.cs:76","Assembly-CSharp","UnityEngine.Object.Instantiate","False"
"'UnityEngine.Object.name' usage","Major","Memory","UIManager.cs:80","Assembly-CSharp","UnityEngine.Object.name","False"
"'System.String.Concat' usage","Moderate","Memory","UIManager.cs:80","Assembly-CSharp","System.String.Concat","False"
"'UnityEngine.Events.UnityAction' allocation","Moderate","Memory","UIManager.cs:82","Assembly-CSharp","Object Allocation","False"
"Conversion from value type 'Int32' to ref type","Major","Memory","UIManager.cs:87","Assembly-CSharp","Boxing Allocation","False"
"Conversion from value type 'Int32' to ref type","Major","Memory","UIManager.cs:97","Assembly-CSharp","Boxing Allocation","False"
"Closure allocation in 'UIManager.ShowBuildButtons'","Moderate","Memory","UIManager.cs:0","Assembly-CSharp","Closure Allocation","False"
"Closure allocation in 'UIManager.ShowBuildButtons'","Moderate","Memory","UIManager.cs:0","Assembly-CSharp","Closure Allocation","False"
"'UnityEngine.Object.Instantiate<UnityEngine.GameObject>' usage","Major","CPU, Memory","UIManager.cs:109","Assembly-CSharp","UnityEngine.Object.Instantiate","False"
"'UnityEngine.Object.name' usage","Major","Memory","UIManager.cs:112","Assembly-CSharp","UnityEngine.Object.name","False"
"'System.String.Concat' usage","Moderate","Memory","UIManager.cs:112","Assembly-CSharp","System.String.Concat","False"
"'UnityEngine.Events.UnityAction' allocation","Moderate","Memory","UIManager.cs:114","Assembly-CSharp","Object Allocation","False"
"Closure allocation in 'UIManager.ShowTechButtons'","Info","Memory","UIManager.cs:0","Assembly-CSharp","Closure Allocation","False"
"Closure allocation in 'UIManager.ShowTechButtons'","Info","Memory","UIManager.cs:0","Assembly-CSharp","Closure Allocation","False"
"'UnityEngine.Object.Instantiate<UnityEngine.GameObject>' usage","Moderate","CPU, Memory","UIManager.cs:136","Assembly-CSharp","UnityEngine.Object.Instantiate","False"
"'UnityEngine.Events.UnityAction' allocation","Info","Memory","UIManager.cs:142","Assembly-CSharp","Object Allocation","False"
"Closure allocation in 'UIManager.ShowTechPurchasePanel'","Info","Memory","UIManager.cs:0","Assembly-CSharp","Closure Allocation","False"
"Closure allocation in 'UIManager.ShowTechPurchasePanel'","Info","Memory","UIManager.cs:0","Assembly-CSharp","Closure Allocation","False"
"'UnityEngine.Events.UnityAction' allocation","Info","Memory","UIManager.cs:155","Assembly-CSharp","Object Allocation","False"
"Closure allocation in 'UIManager.ShowTechPurchasePanel'","Info","Memory","UIManager.cs:0","Assembly-CSharp","Closure Allocation","False"
"'UnityEngine.Object.name' usage","Moderate","Memory","UIManager.cs:162","Assembly-CSharp","UnityEngine.Object.name","False"
"'UnityEngine.Events.UnityAction' allocation","Info","Memory","UIManager.cs:162","Assembly-CSharp","Object Allocation","False"
"'UnityEngine.Events.UnityAction' allocation","Info","Memory","UIManager.cs:166","Assembly-CSharp","Object Allocation","False"
"'UnityEngine.Object.Instantiate<UnityEngine.GameObject>' usage","Moderate","CPU, Memory","UIManager.cs:178","Assembly-CSharp","UnityEngine.Object.Instantiate","False"
"Closure allocation in 'UIManager.ShowCaptureButton'","Info","Memory","UIManager.cs:0","Assembly-CSharp","Closure Allocation","False"
"'UnityEngine.Object.Instantiate<UnityEngine.GameObject>' usage","Moderate","CPU, Memory","UIManager.cs:206","Assembly-CSharp","UnityEngine.Object.Instantiate","False"
"'UnityEngine.Events.UnityAction' allocation","Info","Memory","UIManager.cs:215","Assembly-CSharp","Object Allocation","False"
"'System.String.Concat' usage","Info","Memory","UIManager.cs:306","Assembly-CSharp","System.String.Concat","False"
"Conversion from value type 'Int32' to ref type","Moderate","Memory","UIManager.cs:311","Assembly-CSharp","Boxing Allocation","False"
"'System.Collections.Generic.Dictionary`2<City,UnityEngine.GameObject>' allocation","Info","Memory","UIManager.cs:39","Assembly-CSharp","Object Allocation","False"
"'UnityEngine.Object.name' usage","Moderate","Memory","UnitStatsPopup.cs:17","Assembly-CSharp","UnityEngine.Object.name","False"
"'System.String.Concat' usage","Info","Memory","UnitStatsPopup.cs:18","Assembly-CSharp","System.String.Concat","False"
"'System.String.Concat' usage","Info","Memory","UnitStatsPopup.cs:19","Assembly-CSharp","System.String.Concat","False"
"'System.String.Concat' usage","Info","Memory","UnitStatsPopup.cs:20","Assembly-CSharp","System.String.Concat","False"
"'System.String.Concat' usage","Info","Memory","UnitStatsPopup.cs:21","Assembly-CSharp","System.String.Concat","False"
"'System.String.Concat' usage","Info","Memory","UnitStatsPopup.cs:22","Assembly-CSharp","System.String.Concat","False"
"'System.String.Concat' usage","Info","Memory","UnitStatsPopup.cs:23","Assembly-CSharp","System.String.Concat","False"
"'System.Converter`2<Skill,System.String>' allocation","Info","Memory","UnitStatsPopup.cs:25","Assembly-CSharp","Object Allocation","False"
"Closure allocation in 'Utils.Visible'","Info","Memory","Utils.cs:0","Assembly-CSharp","Closure Allocation","False"
"'System.Func`2<Unit,System.Boolean>' allocation","Info","Memory","Utils.cs:26","Assembly-CSharp","Object Allocation","False"
"'System.Linq.Enumerable.Where' usage","Moderate","CPU, Memory","Utils.cs:26","Assembly-CSharp","System.Linq.*","False"
"'EconomyCandidateAction' allocation","Info","Memory","EconomyAI.cs:54","Assembly-CSharp","Object Allocation","False"
"'EconomyCandidateAction' allocation","Info","Memory","EconomyAI.cs:214","Assembly-CSharp","Object Allocation","False"
"'System.Func`2<City,System.Boolean>' allocation","Info","Memory","EconomyAI.cs:76","Assembly-CSharp","Object Allocation","False"
"'System.Linq.Enumerable.Where' usage","Moderate","CPU, Memory","EconomyAI.cs:76","Assembly-CSharp","System.Linq.*","False"
"'EconomyCandidateAction' allocation","Info","Memory","EconomyAI.cs:87","Assembly-CSharp","Object Allocation","False"
"'System.Func`2<CandidateAction,System.Single>' allocation","Info","Memory","TacticsAI.cs:37","Assembly-CSharp","Object Allocation","False"
"'System.Linq.Enumerable.OrderByDescending' usage","Moderate","CPU, Memory","TacticsAI.cs:37","Assembly-CSharp","System.Linq.*","False"
"'System.Linq.Enumerable.Take' usage","Moderate","CPU, Memory","TacticsAI.cs:37","Assembly-CSharp","System.Linq.*","False"
"'UnityEngine.WaitForSeconds' allocation","Info","Memory","TacticsAI.cs:483","Assembly-CSharp","Object Allocation","False"
"Closure allocation in '<GenerateCandidates>d__10.MoveNext'","Info","Memory","TacticsAI.cs:0","Assembly-CSharp","Closure Allocation","False"
"'System.Func`2<Skill,System.Boolean>' allocation","Info","Memory","TacticsAI.cs:177","Assembly-CSharp","Object Allocation","False"
"'System.Linq.Enumerable.Any' usage","Moderate","CPU, Memory","TacticsAI.cs:177","Assembly-CSharp","System.Linq.*","False"
"'System.Collections.Generic.List`1<Tile>' allocation","Info","Memory","TacticsAI.cs:180","Assembly-CSharp","Object Allocation","False"
"'System.Func`2<Tile,System.Boolean>' allocation","Info","Memory","TacticsAI.cs:184","Assembly-CSharp","Object Allocation","False"
"'System.Linq.Enumerable.Where' usage","Moderate","CPU, Memory","TacticsAI.cs:184","Assembly-CSharp","System.Linq.*","False"
"Closure allocation in '<PlayTurn>d__4.MoveNext'","Info","Memory","TacticsAI.cs:0","Assembly-CSharp","Closure Allocation","False"
"'System.Func`2<CandidateAction,Unit>' allocation","Info","Memory","TacticsAI.cs:35","Assembly-CSharp","Object Allocation","False"
"'System.Linq.Enumerable.GroupBy' usage","Moderate","CPU, Memory","TacticsAI.cs:35","Assembly-CSharp","System.Linq.*","False"
"'System.Func`2<System.Linq.IGrouping`2<Unit,CandidateAction>,System.Collections.Generic.IEnumerable`1<CandidateAction>>' allocation","Info","Memory","TacticsAI.cs:35","Assembly-CSharp","Object Allocation","False"
"'System.Linq.Enumerable.SelectMany' usage","Moderate","CPU, Memory","TacticsAI.cs:35","Assembly-CSharp","System.Linq.*","False"
"'System.Linq.Enumerable.ToList' usage","Moderate","CPU, Memory","TacticsAI.cs:35","Assembly-CSharp","System.Linq.*","False"
"'System.Func`2<CandidateAction,System.Single>' allocation","Info","Memory","TacticsAI.cs:40","Assembly-CSharp","Object Allocation","False"
"'System.Linq.Enumerable.OrderByDescending' usage","Moderate","CPU, Memory","TacticsAI.cs:40","Assembly-CSharp","System.Linq.*","False"
"'System.Linq.Enumerable.First' usage","Moderate","CPU, Memory","TacticsAI.cs:40","Assembly-CSharp","System.Linq.*","False"
"'System.Func`2<Unit,System.Boolean>' allocation","Info","Memory","SelectionController.cs:227","Assembly-CSharp","Object Allocation","False"
"'System.Linq.Enumerable.Any' usage","Moderate","CPU, Memory","SelectionController.cs:227","Assembly-CSharp","System.Linq.*","False"
